"시점","항목",총액,식품 및 산동물,식품 및 산동물,식품 및 산동물,식품 및 산동물,식품 및 산동물,식품 및 산동물,식품 및 산동물,식품 및 산동물,식품 및 산동물,식품 및 산동물,식품 및 산동물,식품 및 산동물,식품 및 산동물,식품 및 산동물,식품 및 산동물,식품 및 산동물,식품 및 산동물,식품 및 산동물,식품 및 산동물,식품 및 산동물,식품 및 산동물,식품 및 산동물,식품 및 산동물,식품 및 산동물,식품 및 산동물,식품 및 산동물,식품 및 산동물,식품 및 산동물,식품 및 산동물,식품 및 산동물,식품 및 산동물,식품 및 산동물,식품 및 산동물,식품 및 산동물,식품 및 산동물,식품 및 산동물,식품 및 산동물,식품 및 산동물,식품 및 산동물,식품 및 산동물,식품 및 산동물,식품 및 산동물,식품 및 산동물,식품 및 산동물,식품 및 산동물,식품 및 산동물,식품 및 산동물,음료 및 담배,음료 및 담배,음료 및 담배,음료 및 담배,음료 및 담배,음료 및 담배,비식용원재료(연료제외),비식용원재료(연료제외),비식용원재료(연료제외),비식용원재료(연료제외),비식용원재료(연료제외),비식용원재료(연료제외),비식용원재료(연료제외),비식용원재료(연료제외),비식용원재료(연료제외),비식용원재료(연료제외),비식용원재료(연료제외),비식용원재료(연료제외),비식용원재료(연료제외),비식용원재료(연료제외),비식용원재료(연료제외),비식용원재료(연료제외),비식용원재료(연료제외),비식용원재료(연료제외),비식용원재료(연료제외),비식용원재료(연료제외),비식용원재료(연료제외),비식용원재료(연료제외),비식용원재료(연료제외),비식용원재료(연료제외),비식용원재료(연료제외),비식용원재료(연료제외),비식용원재료(연료제외),비식용원재료(연료제외),비식용원재료(연료제외),비식용원재료(연료제외),비식용원재료(연료제외),비식용원재료(연료제외),비식용원재료(연료제외),비식용원재료(연료제외),비식용원재료(연료제외),비식용원재료(연료제외),비식용원재료(연료제외),비식용원재료(연료제외),비식용원재료(연료제외),비식용원재료(연료제외),비식용원재료(연료제외),비식용원재료(연료제외),비식용원재료(연료제외),비식용원재료(연료제외),비식용원재료(연료제외),광물성연료윤활유 및 관련물질,광물성연료윤활유 및 관련물질,광물성연료윤활유 및 관련물질,광물성연료윤활유 및 관련물질,광물성연료윤활유 및 관련물질,광물성연료윤활유 및 관련물질,광물성연료윤활유 및 관련물질,광물성연료윤활유 및 관련물질,광물성연료윤활유 및 관련물질,광물성연료윤활유 및 관련물질,광물성연료윤활유 및 관련물질,광물성연료윤활유 및 관련물질,광물성연료윤활유 및 관련물질,동식물성유지 및 왁스,동식물성유지 및 왁스,동식물성유지 및 왁스,동식물성유지 및 왁스,동식물성유지 및 왁스,동식물성유지 및 왁스,동식물성유지 및 왁스,화학물 및 관련제품,화학물 및 관련제품,화학물 및 관련제품,화학물 및 관련제품,화학물 및 관련제품,화학물 및 관련제품,화학물 및 관련제품,화학물 및 관련제품,화학물 및 관련제품,화학물 및 관련제품,화학물 및 관련제품,화학물 및 관련제품,화학물 및 관련제품,화학물 및 관련제품,화학물 및 관련제품,화학물 및 관련제품,화학물 및 관련제품,화학물 및 관련제품,화학물 및 관련제품,화학물 및 관련제품,화학물 및 관련제품,화학물 및 관련제품,화학물 및 관련제품,화학물 및 관련제품,화학물 및 관련제품,화학물 및 관련제품,화학물 및 관련제품,화학물 및 관련제품,화학물 및 관련제품,화학물 및 관련제품,화학물 및 관련제품,화학물 및 관련제품,화학물 및 관련제품,화학물 및 관련제품,화학물 및 관련제품,화학물 및 관련제품,화학물 및 관련제품,화학물 및 관련제품,화학물 및 관련제품,화학물 및 관련제품,화학물 및 관련제품,화학물 및 관련제품,화학물 및 관련제품,재료별 제조제품,재료별 제조제품,재료별 제조제품,재료별 제조제품,재료별 제조제품,재료별 제조제품,재료별 제조제품,재료별 제조제품,재료별 제조제품,재료별 제조제품,재료별 제조제품,재료별 제조제품,재료별 제조제품,재료별 제조제품,재료별 제조제품,재료별 제조제품,재료별 제조제품,재료별 제조제품,재료별 제조제품,재료별 제조제품,재료별 제조제품,재료별 제조제품,재료별 제조제품,재료별 제조제품,재료별 제조제품,재료별 제조제품,재료별 제조제품,재료별 제조제품,재료별 제조제품,재료별 제조제품,재료별 제조제품,재료별 제조제품,재료별 제조제품,재료별 제조제품,재료별 제조제품,재료별 제조제품,재료별 제조제품,재료별 제조제품,재료별 제조제품,재료별 제조제품,재료별 제조제품,재료별 제조제품,재료별 제조제품,재료별 제조제품,재료별 제조제품,재료별 제조제품,재료별 제조제품,재료별 제조제품,재료별 제조제품,재료별 제조제품,재료별 제조제품,재료별 제조제품,재료별 제조제품,재료별 제조제품,재료별 제조제품,재료별 제조제품,재료별 제조제품,재료별 제조제품,재료별 제조제품,재료별 제조제품,재료별 제조제품,기계 및 운수장비,기계 및 운수장비,기계 및 운수장비,기계 및 운수장비,기계 및 운수장비,기계 및 운수장비,기계 및 운수장비,기계 및 운수장비,기계 및 운수장비,기계 및 운수장비,기계 및 운수장비,기계 및 운수장비,기계 및 운수장비,기계 및 운수장비,기계 및 운수장비,기계 및 운수장비,기계 및 운수장비,기계 및 운수장비,기계 및 운수장비,기계 및 운수장비,기계 및 운수장비,기계 및 운수장비,기계 및 운수장비,기계 및 운수장비,기계 및 운수장비,기계 및 운수장비,기계 및 운수장비,기계 및 운수장비,기계 및 운수장비,기계 및 운수장비,기계 및 운수장비,기계 및 운수장비,기계 및 운수장비,기계 및 운수장비,기계 및 운수장비,기계 및 운수장비,기계 및 운수장비,기계 및 운수장비,기계 및 운수장비,기계 및 운수장비,기계 및 운수장비,기계 및 운수장비,기계 및 운수장비,기계 및 운수장비,기계 및 운수장비,기계 및 운수장비,기계 및 운수장비,기계 및 운수장비,기계 및 운수장비,기계 및 운수장비,기계 및 운수장비,기계 및 운수장비,기계 및 운수장비,기계 및 운수장비,기계 및 운수장비,기계 및 운수장비,기계 및 운수장비,기계 및 운수장비,기계 및 운수장비,기타 제조제품,기타 제조제품,기타 제조제품,기타 제조제품,기타 제조제품,기타 제조제품,기타 제조제품,기타 제조제품,기타 제조제품,기타 제조제품,기타 제조제품,기타 제조제품,기타 제조제품,기타 제조제품,기타 제조제품,기타 제조제품,기타 제조제품,기타 제조제품,기타 제조제품,기타 제조제품,기타 제조제품,기타 제조제품,기타 제조제품,기타 제조제품,기타 제조제품,기타 제조제품,기타 제조제품,기타 제조제품,기타 제조제품,기타 제조제품,기타 제조제품,기타 제조제품,기타 제조제품,기타 제조제품,기타 제조제품,기타 제조제품,기타 제조제품,기타 제조제품,기타 제조제품,달리 분류되지 않은 상품 및 취급물,달리 분류되지 않은 상품 및 취급물,달리 분류되지 않은 상품 및 취급물,달리 분류되지 않은 상품 및 취급물,달리 분류되지 않은 상품 및 취급물,달리 분류되지 않은 상품 및 취급물,달리 분류되지 않은 상품 및 취급물,달리 분류되지 않은 상품 및 취급물,달리 분류되지 않은 상품 및 취급물
"시점","항목",소계,소계,중분류 03의 동물을 제외한 산 동물,중분류 03의 동물을 제외한 산 동물,고기및 고기 조제품,고기및 고기 조제품,고기및 고기 조제품,고기및 고기 조제품,고기및 고기 조제품,낙농품 및 새알,낙농품 및 새알,낙농품 및 새알,낙농품 및 새알,낙농품 및 새알,물고기갑각류연체동물 및 수생무척추동물,물고기갑각류연체동물 및 수생무척추동물,물고기갑각류연체동물 및 수생무척추동물,물고기갑각류연체동물 및 수생무척추동물,물고기갑각류연체동물 및 수생무척추동물,곡식 및 곡식가공품,곡식 및 곡식가공품,곡식 및 곡식가공품,곡식 및 곡식가공품,곡식 및 곡식가공품,곡식 및 곡식가공품,곡식 및 곡식가공품,곡식 및 곡식가공품,곡식 및 곡식가공품,채소 및 과실,채소 및 과실,채소 및 과실,채소 및 과실,채소 및 과실,채소 및 과실,설탕설탕조제품 및 벌꿀,설탕설탕조제품 및 벌꿀,설탕설탕조제품 및 벌꿀,커피차코코아향신료 및 동제품,커피차코코아향신료 및 동제품,커피차코코아향신료 및 동제품,커피차코코아향신료 및 동제품,커피차코코아향신료 및 동제품,커피차코코아향신료 및 동제품,동물사료,동물사료,기타 식용제품 및 조제품,기타 식용제품 및 조제품,기타 식용제품 및 조제품,음료,음료,음료,담배 및 담배제품,담배 및 담배제품,담배 및 담배제품,원피 및 모피,원피 및 모피,원피 및 모피,기름용씨 및 기름함유 열매,기름용씨 및 기름함유 열매,기름용씨 및 기름함유 열매,생고무(합성 및 재생고무 포함),생고무(합성 및 재생고무 포함),생고무(합성 및 재생고무 포함),콜크 및 나무,콜크 및 나무,콜크 및 나무,콜크 및 나무,콜크 및 나무,콜크 및 나무,펄프 및 폐지,펄프 및 폐지,섬유 및 그 웨이스트,섬유 및 그 웨이스트,섬유 및 그 웨이스트,섬유 및 그 웨이스트,섬유 및 그 웨이스트,섬유 및 그 웨이스트,섬유 및 그 웨이스트,섬유 및 그 웨이스트,섬유 및 그 웨이스트,미가공 비료 및 미가공 광물,미가공 비료 및 미가공 광물,미가공 비료 및 미가공 광물,미가공 비료 및 미가공 광물,미가공 비료 및 미가공 광물,미가공 비료 및 미가공 광물,금속성 광석 및 금속 부스러기,금속성 광석 및 금속 부스러기,금속성 광석 및 금속 부스러기,금속성 광석 및 금속 부스러기,금속성 광석 및 금속 부스러기,금속성 광석 및 금속 부스러기,금속성 광석 및 금속 부스러기,금속성 광석 및 금속 부스러기,금속성 광석 및 금속 부스러기,금속성 광석 및 금속 부스러기,달리 명시되지 않은 미가공 동식물성 물질,달리 명시되지 않은 미가공 동식물성 물질,달리 명시되지 않은 미가공 동식물성 물질,석탄코크 및 연탄,석탄코크 및 연탄,석탄코크 및 연탄,석탄코크 및 연탄,석유석유제품 및 관련물질,석유석유제품 및 관련물질,석유석유제품 및 관련물질,석유석유제품 및 관련물질,천연가스 및 제조가스,천연가스 및 제조가스,천연가스 및 제조가스,천연가스 및 제조가스,천연가스 및 제조가스,동물성 유지,동물성 유지,불휘발성 식물성기름조유정제 또는 분획된 것,불휘발성 식물성기름조유정제 또는 분획된 것,불휘발성 식물성기름조유정제 또는 분획된 것,달리 분류되지 않은 동식물성유지처리한 것,달리 분류되지 않은 동식물성유지처리한 것,유기화학물,유기화학물,유기화학물,유기화학물,유기화학물,유기화학물,유기화학물,무기화학물,무기화학물,무기화학물,무기화학물,무기화학물,염료유연제 및 착색제,염료유연제 및 착색제,염료유연제 및 착색제,염료유연제 및 착색제,의약품 및 약제제품,의약품 및 약제제품,의약품 및 약제제품,정유 및 향료,정유 및 향료,정유 및 향료,정유 및 향료,비료,비료,플라스틱(원료형태의 것),플라스틱(원료형태의 것),플라스틱(원료형태의 것),플라스틱(원료형태의 것),플라스틱(원료형태의 것),플라스틱(원료형태의 것),플라스틱(원료형태의 것),원료형태가 아닌 플라스틱,원료형태가 아닌 플라스틱,원료형태가 아닌 플라스틱,원료형태가 아닌 플라스틱,달리 명시되지 않은 화학물질 및 제품,달리 명시되지 않은 화학물질 및 제품,달리 명시되지 않은 화학물질 및 제품,달리 명시되지 않은 화학물질 및 제품,달리 명시되지 않은 화학물질 및 제품,달리 명시되지 않은 화학물질 및 제품,달리 명시되지 않은 화학물질 및 제품,가죽제품 및 손질모피,가죽제품 및 손질모피,가죽제품 및 손질모피,가죽제품 및 손질모피,달리 명시되지 않은 고무제품,달리 명시되지 않은 고무제품,달리 명시되지 않은 고무제품,달리 명시되지 않은 고무제품,코크 및 나무제품,코크 및 나무제품,코크 및 나무제품,코크 및 나무제품,종이판지 및 펄프,종이판지 및 펄프,종이판지 및 펄프,섬유사직물직물제품,섬유사직물직물제품,섬유사직물직물제품,섬유사직물직물제품,섬유사직물직물제품,섬유사직물직물제품,섬유사직물직물제품,섬유사직물직물제품,섬유사직물직물제품,섬유사직물직물제품,달리 명시되지 않은 비금속광물,달리 명시되지 않은 비금속광물,달리 명시되지 않은 비금속광물,달리 명시되지 않은 비금속광물,달리 명시되지 않은 비금속광물,달리 명시되지 않은 비금속광물,달리 명시되지 않은 비금속광물,달리 명시되지 않은 비금속광물,철 및 강,철 및 강,철 및 강,철 및 강,철 및 강,철 및 강,철 및 강,철 및 강,철 및 강,철 및 강,비철금속,비철금속,비철금속,비철금속,비철금속,비철금속,비철금속,비철금속,비철금속,달리 명시되지 않은 금속제품,달리 명시되지 않은 금속제품,달리 명시되지 않은 금속제품,달리 명시되지 않은 금속제품,달리 명시되지 않은 금속제품,달리 명시되지 않은 금속제품,달리 명시되지 않은 금속제품,달리 명시되지 않은 금속제품,달리 명시되지 않은 금속제품,원동기기 및 설비,원동기기 및 설비,원동기기 및 설비,원동기기 및 설비,원동기기 및 설비,원동기기 및 설비,원동기기 및 설비,특수산업용 기계,특수산업용 기계,특수산업용 기계,특수산업용 기계,특수산업용 기계,특수산업용 기계,특수산업용 기계,특수산업용 기계,특수산업용 기계,금속공작용 기계,금속공작용 기계,금속공작용 기계,금속공작용 기계,금속공작용 기계,산업용 일반기계 및 장비,산업용 일반기계 및 장비,산업용 일반기계 및 장비,산업용 일반기계 및 장비,산업용 일반기계 및 장비,산업용 일반기계 및 장비,산업용 일반기계 및 장비,산업용 일반기계 및 장비,산업용 일반기계 및 장비,산업용 일반기계 및 장비,사무용 기계 및 자동자료 처리장치,사무용 기계 및 자동자료 처리장치,사무용 기계 및 자동자료 처리장치,사무용 기계 및 자동자료 처리장치,통신 및 녹음기기,통신 및 녹음기기,통신 및 녹음기기,통신 및 녹음기기,통신 및 녹음기기,전기기계장치와 기기,전기기계장치와 기기,전기기계장치와 기기,전기기계장치와 기기,전기기계장치와 기기,전기기계장치와 기기,전기기계장치와 기기,전기기계장치와 기기,도로 주행 차량,도로 주행 차량,도로 주행 차량,도로 주행 차량,도로 주행 차량,도로 주행 차량,도로 주행 차량,기타 수송장비,기타 수송장비,기타 수송장비,기타 수송장비,조립식건축물 달리 명시되지 않은 위생연관 및 부착물,조립식건축물 달리 명시되지 않은 위생연관 및 부착물,조립식건축물 달리 명시되지 않은 위생연관 및 부착물,조립식건축물 달리 명시되지 않은 위생연관 및 부착물,가구 및 부분품;침대에트리스쿠션,가구 및 부분품;침대에트리스쿠션,여행용핸드백 및 유사용기,여행용핸드백 및 유사용기,의복제품 및 의복부속품,의복제품 및 의복부속품,의복제품 및 의복부속품,의복제품 및 의복부속품,의복제품 및 의복부속품,의복제품 및 의복부속품,의복제품 및 의복부속품,의복제품 및 의복부속품,신발,신발,달리 명시되지 않은 전문과학통제기구 및 장치,달리 명시되지 않은 전문과학통제기구 및 장치,달리 명시되지 않은 전문과학통제기구 및 장치,달리 명시되지 않은 전문과학통제기구 및 장치,달리 명시되지 않은 전문과학통제기구 및 장치,달리 명시되지 않은 사진장치 및 광학용품 휴대시계 및 큰시계,달리 명시되지 않은 사진장치 및 광학용품 휴대시계 및 큰시계,달리 명시되지 않은 사진장치 및 광학용품 휴대시계 및 큰시계,달리 명시되지 않은 사진장치 및 광학용품 휴대시계 및 큰시계,달리 명시되지 않은 사진장치 및 광학용품 휴대시계 및 큰시계,달리 명시되지 않은 사진장치 및 광학용품 휴대시계 및 큰시계,달리 분류되지 않은 잡제품,달리 분류되지 않은 잡제품,달리 분류되지 않은 잡제품,달리 분류되지 않은 잡제품,달리 분류되지 않은 잡제품,달리 분류되지 않은 잡제품,달리 분류되지 않은 잡제품,달리 분류되지 않은 잡제품,달리 분류되지 않은 잡제품,달리 분류되지 않은 잡제품,종류에 따라 분류할 수 없는 특수 취급물,종류에 따라 분류할 수 없는 특수 취급물,주화(금화 및 법화 제외),주화(금화 및 법화 제외),금(금광 및 그정광 제외),금(금광 및 그정광 제외),달리 분류되지 않은 상품및 취급물,달리 분류되지 않은 상품및 취급물,달리 분류되지 않은 상품및 취급물
"시점","항목",소계,소계,소계,중분류 03의 동물을 제외한 산 동물,소계,쇠고기신선냉장 또는 냉동한 것,기타 고기 및 식용 설육신선냉장 또는 냉동한 것,고기 및 실용석육염장염수장건조 또는 훈제한 것,달리 명시되지 않은 조제 또는 저장한 고기 및 설육,소계,우유.크림 및 우유생산품(버터 및 치이즈 제외),밀크에서 얻어진 버터 및 기타의 지와 유,치즈와 커드,새알 및 난황신선건조,소계,물고기신선(산것 포함)냉장 또는 냉동한 것,건조.염장.염수장 또는 훈제한 어류,갑각류연체동물 및 수생무척추동물,달리 명시되지 않은 어류갑각류연체동물기타 수생무척추동물,소계,밀(스펠트포함)과 메슬린.정미하지 않은 것,쌀(벼포함),보리도정되지 않은 것,옥수수,곡물제분하지 않은 것(밀쌀보리 및 옥수수 제외),밀의 거친가루 및 고운가루와 메슬린의 고운가루,기타 곡물 거친가루 및 고운가루,곡식가공품 및 곡분,소계,채소신선냉장냉동 또는 단순히 저장한 것,달리 명시되지 않은 조제 및 저장한 채소구근 및 괴경,과실 및 견과(기름용 견과 제외)신선 또는 건조한 것,저장과실과 과실조제품(과실쥬스는 제외),과일쥬스(포도즙 포함)와 채소 쥬스,소계,설탕당밀과 벌꿀,설탕과자,소계,커피 및 커피대용품,코코아,달리 명시되지 않은 초코렛과 코코아를 함유한 기타 조제식료품,차와 마태,향신료,소계,동물사료,소계,마아가린  및 쇼트닝,달리 명시되지 않은 식용제품 및 조제품,소계,달리 명시되지 않은 비알콜성음료,알콜성 음료,소계,잎담배 및 담배 부산물,제조담배,소계,원피(모피제외),생모피,소계,기름용씨및 식물성기름 추출용의 것,기타 기름용씨 및 기름함유 열매,소계,천연고무발라타.구타페으카.가이율.치클 및 이와 유사한 천연검,합성고무재생고무,소계,천연콜크및 천연콜크찌꺼기,연료용 나무(나무찌꺼기 제외) 및 숯,나무(칩상 또는 삭편상)및 나무찌꺼기,원목,간단히 가공한 나무 및 철도용 침목,소계,펄프 및 폐지,소계,견,면,달리명시되지 않은 황마와 기타의 방직용 인피섬유,식물성 섬유 : 동섬유의 부스러기,방적에 적합한 합성섬유,방적에 적합한 기타 인공섬유,양모 및 기타 수모(양모톱 제외),낡은 의류 및 기타 낡은 섬유제품 : 넝마,소계,미가공비료(56항의 것 제외),돌모래 및 자갈,유황 및 하소하지 않은 황하철광,달리 명시되지 않은 천연연마재(공업용 다이아몬드 포함),기타 미가공 광물,소계,철광석 및 정광,철의 웨이스트와 스크랩 및 철강의 재용해용 잉곳,동광석 및 정광 : 동매트 시멘트동,니켈광석 및 정광 : 니켈매트니켈신터,알루미늄광과 그 정광,우라늄 및 토륨광석 및 정광,달리 명시되지 않은 금속의 광석 및 정광(귀금속 제외),달리 명시되지 않는 비철금속의 웨이스트,귀금속의 광석 및 정광 : 귀금속의 웨이스트,소계,달리 명시되지 않은 미가동 동물성 물질,달리 명시되지 않은 미가공 식물성 물질,소계,석탄,석탄갈탄 및 토탄,석탄갈탄또는 토탄의 코크 및 반성코크 : 분류카아본,소계,원유 및 역청질 광물원유,석유와 역청유(원유를 제외) 및 이들의 조제품,달리 명시되지 않은 않은 잔여 석유생산물 및 관련물질,소계,액화프로판 및 부탄,천연개스,기타 석유가스 및 달리 명시되지 않은 기타 가스성 탄화수소,석탄가스수성가스발생로가스 및 유사가스,소계,동물성 유지,소계,연성불휘발성 식물성기름,불휘발성의 식물성유지가공하지 않은것조상정제 또는 분별한것,소계,달리 분류되지 않은 동식물성유지처리한 것왁스,소계,달리 명시되지 않은 탄화수소 및 그 유도체,알콜페놀-알콜 및 그들의 할로겐화,카르복시산과 그들의 무수물.할로겐화물.과산화물과 과산화산,질소관능화합물,유기-무기화합물헤테르고리화합물헥산,기타 유기화합물,소계,무기화학원소산화물 및 할로겐염,무기산의 금속염 및 과산화염,기타 무기화학물,방사선 및 관련물질,소계,합성유기착색제와 그 조제품,염료유연제엑스 및 합성유연제,안료페인트 니스 및 관련물질,소계,의약품 및 약제제품(542항 의약품 제외),의약품(수의약품 포함),소계,정유 및 향료,향수 및 화장품화장용품(비누제외),비누세척 및 광택제,소계,비료(272항의 것 제외),소계,에틸렌의 중합체(일차제품의 것),스티렌의 중합체(일차제품의 것),염화비닐의 중합체 또는 할로겐화올레 핀의 중합체(1차제품의 것),아세탈수지.기타 폴리에테르와 에폭시 수지,기타 프라스틱(일차제품의 것),플라스틱의 웨이스트.페어링과 스크램,소계,플라스틱의 관.파이프 및 호오스,플라스틱제의 판쉬이트필름박 및 스트¿,플라스틱의 모노필라멘트,소계,살충제.살서제(쥐약).살균제,전분이눌린 및 글루우텐단백질물질 아교,화약 및 불꽃제품,광물유첨가제 및 유사품,달리 명시되지 않은 화학잡제품,달리 명시되지 않은 화학물질의 폐기물 도시쓰레기 오수침전물 및 기타 쓰레기,소계,가 죽,달리 명시되지 않은 가죽제품,모피(유연처리 또는 완성가공한 것),소계,고 무,고무타이어호환성타이어 트레드타이어풀랩 및 인너튜브,달리 명시되지 않은 고무제품,소계,코르크제품,단판합판파티클보드 및 달리 명시되지 않은 기타 가공목재,달리 명시되지 않은 나무제품,소계,종이 및 판지,종이 및 판지 크기로 재단한 것 및 종이 또는 판지의 제품,소계,섬유사,면직물(세폭직물 또는 특수직물 제외),인조섬유직물,기타 섬유직물,달리 명시되지 않은 편직 또는 뜨게질 직물,튤레이스자수울리본트리밍 및 기타 소비품,특수사직물 및 관련제품,달리 명시되지 않은 주로 섬유물질의 구성 제품,마루덮개 등,소계,석회.시멘트 및 조립건축자재,점토건설용 및 내화건설용 제품,달리 명시되지 않은 광물제품,유리,유리제,도자기,진주(귀석 또는 반귀석가공하지 아니한 것 또는 가공한 것),소계,선철경철해면철철 또는 강의 입상,철 또는 강의 철강괴 및 기타 일차 형태의 것 및 반제품,철 또는 비합금강의 평판압연제품,철 또는 비합금강의 평판압연제품(클래드도금 또는 도포한 것),합금철의 평판압연제품,철강봉앵글형강(쉬이트파일링포함),철강의 철도궤조 및 철도궤조 건설자재,철강선,철강의 튜브파이프 및 중공프로파일과 튜브,소계,은백금 및 기타 백금속의 금속,동,닉켈,알루미늄,연,아연,주석,야금에 사용되는 각종 비철금속 및 서미트,소계,달리 명시되지 않은 철강 및 알루미늄의 구조물 및 구조물,저장 및 수송용 용기,선제품 및 울타리 그릴,철강동 또는 알루미늄제의 못나사너트볼트리베트 및 유사제품,수공구 및 기계용공구,날붙이,달리 명시되지 않은 금속제의 가정용 장비,달리 명시되지 않은 비금속제의 제품,소계,증기발생보일러 및 보일러실 장치,증기터어빈 및 달리 명시되지 않은 동부분품,달리 명시되지 않은 내연 피스톤기관 및 동부분품,기관 및 모터비전기식:달리 명시되지 않은 기관,달리 명시되지 않은 회전전기장치 및 그 부분품,달리 명시되지 않은 기타 동력발생기계 및 부분품,소계,농업용 기계 및 그 부분품,트랙터,토목공사용 장치,섬유 및 가죽용 기계류 및 달리 명시되지 않은 동부분품,종이제조 및 펄프제조기계,인쇄 및 제본용기계 및 그들의 부분품,식품가공기계(가정용 제외),특수산업용 기타 기계기구 및 달리 명시되지 않은 동부분품,소계,금속 또는 기타재료의 절삭방식에 의한 가공공작기계,금속소결한 금속탄화물 또는 서어미트의 가공기계,731항 및 733항의 기계 전용 또는 주로 사용되는 부분품,금속공작기계달리 명시되지 않은 동 부분품,소계,가열 및 냉각장치달리 명시되지 않은 동 부분품,액체펌프와 액체엘리베이터,액체용 이외의 펌프공기 또는 개스입축기 및 선풍기,기계식 취급장치 및 달리 명시되지 않은 동 부분품,기타 비전기식 기계기기 및 장치,보올 베어링 또는 로울러 베어링,파이프.보일러의 동체.탱크.배트 등에 사용하는 탭,전동축,달리 명시되지 않은 비전기식 기계류의 부분품 및 부속품,소계,사무용기계,자동자료처리기계,751항 및 752항 기계전용 부분품,소계,텔레비젼 수상기,라디오방송용 수신기기,녹음기와 음성 재생기,달리 명시되지 않은 통신장비,소계,달리 명시되지 않은 전력기기 및 부분품,전기회로의 개폐용보호용접속용기기,달리 명시되지 않은 배전용 장비,전기식 진단용 기기,달리 명시되지 않은 가정용 전기 및 비전기장비,열전자관냉음극관 및 광전과,달리 명시되지 않은 전기기계 및 장치,소계,승용자동차 및 기타의 차량,화물자동차 및 특수목적차량,달리 명시되지 않은 도로주행차량,722781782 및 783항 차량의 부분품 및 부속품,자동이륜차 및 자전거(동력과 비동력의 것)환자운반구,트레일러 및 세미트레일러,소계,철도차량 및 관련장비,항공기 및 관련장비 우주선,선박보트 및 부유구조물,소계,조립식건축물,달리 명시되지 않은 위생연관난방 조명장치 및 부착물,달리 명시하지 않은 조명시설 및 조명기구,소계,가구 및 그 부분품,소계,트렁크슈트케이스화장품케이스등,소계,남자 또는 소년용의 코트.자켓,여자용 코트.자켓.슈트.브레이저,남자 또는 소년용의 코트 및 이와 유사한 의류,여자 또는 소녀용의 코트케이프자켓슈트 브레이저,달리 명시되지 않은 직물제의 의복제품,직물제의 의복 악세사리(어린이용 제외),의류와 의류부속품(직물제 제외),소계,신발,소계,달리 명시되지 않은 광학기구 및 장치,달리 명시되지 않은 의료용외과용치과용이나 수의용의 기기,달리 명시되지 않은 계기,달리 명시되지 않은 측정검사분석 통제기구 및 장치,소계,달리 명시되지 않은 사진장치 및 장비,사진 및 영화비품,영화필름,달리 명시되지 않은 광학용품,휴대용시계 및 큰시계,소계,무기 및 실탄,인쇄물,달리 명시되지않은 플라스틱제의 물품,유모차장난감게임 및 운동용품,달리 명시되지 않은 사무 및 문구용품,예술품 수집가의 수집물 및 골동품,신변장식용품.금세공품과 은세공품 및 기타의 귀석제품,악기 및 그 부분품과 부속품 ; 레코드테이프,달리 명시되지 않은 잡제품,소계,종류에 따라 분류할 수 없는 특수 취급물,소계,주화(금화 및 법화제외),소계,금(금광 및 그정광제외) ; 화폐용이 아닌것,소계,분류불능의 소액물품,화폐용의금금화및경화
"2020. 01","수출액 (천달러)",43109348,464286,190,190,8900,202,6200,1,2497,7733,7523,0,152,58,156679,88686,825,8513,58655,34174,-,271,14,0,19,1965,165,31740,68979,15562,10593,24479,14523,3823,25360,15621,9739,22616,15726,33,4622,724,1510,16950,16950,122704,886,121818,53365,31833,21533,56455,1313,55142,79,79,-,170,122,48,221496,94,221402,1297,39,13,9,10,1227,7537,7537,124513,1,1798,78,0,93078,4837,-,24721,13850,593,1268,3754,1151,7084,71364,0,11508,15392,-,2715,6,2284,10351,29107,29071,4004,25067,3782,30,18,3734,3429008,3,3238804,190201,46867,40087,-,6706,73,1534,1534,2525,2043,482,1870,1870,1572465,931275,134655,230725,137552,71430,66828,432517,163122,47741,218796,2857,203749,54131,590,149028,418337,355824,62513,524304,1677,457411,65216,18630,18630,1658055,331615,260628,40945,376786,647804,276,594170,32479,558391,3299,398451,35347,56311,1439,19431,285923,0,32243,29436,2776,30,333419,32405,246344,54670,4891,73,1368,3449,227850,190905,36946,725325,96742,21084,142485,7477,198693,17657,157303,82269,1616,273285,19747,4508,84977,131070,28172,1324,3486,1961805,59183,22450,597740,474505,370426,154906,327,63891,218375,898948,139728,321608,6552,231026,73152,113987,1720,11175,831715,114915,50225,45833,76172,175287,9223,23371,336689,688247,42517,5576,391927,54749,129279,64200,1897193,8885,51429,400622,137735,12413,9449,5411,1271249,262804,111078,57510,24031,70185,1943699,676754,100869,399073,193171,44535,71152,155918,125241,176985,896353,73399,39317,783637,2065165,113229,27565,13090,1911281,9123803,144437,920109,248736,109450,177766,6553189,970116,4354318,2672693,127202,45834,1484475,5329,18785,3062440,23248,287200,2751992,39613,5883,9759,23972,85742,85742,29925,29925,127819,5622,16671,7753,6475,30056,49354,11889,32034,32034,993780,478849,76298,7972,430661,432841,5580,81790,-,340130,5341,1307008,98821,16880,299509,30433,20669,3058,35457,732982,69200,-,-,167,167,117818,117818,9351,3223,6128
"2020. 01","수입액 (천달러)",42711669,2627377,4336,4336,605423,381680,194712,1376,27656,89129,29197,6883,50894,2155,548094,283771,8040,127165,129119,420212,74234,64000,1473,215410,3158,699,1223,60014,317791,63861,64201,115847,55778,18103,109764,81701,28063,116144,61398,6033,39516,3815,5382,206063,206063,210421,7455,202966,70439,11774,58665,35708,24644,11063,16350,14858,1492,57456,51084,6372,70423,35300,35124,135111,118,8952,35404,32000,58637,122883,122883,51020,1368,20028,462,144,3453,10673,12042,2851,89451,7415,10745,536,3485,67271,1791264,591198,135636,324066,11253,10895,-,330127,266921,121168,89549,37041,52508,961461,951151,1231,9078,8685913,6385195,2187825,112893,2414658,456158,1949108,9392,-,5409,5409,99011,52838,46173,9493,9493,1047996,192110,229329,102499,153300,266587,104172,776365,360075,111515,107655,197120,184743,62567,6159,116016,713409,364785,348625,216727,22365,145213,49149,69692,69692,392022,57916,13228,35971,83007,197854,4046,300253,27067,269704,3481,643932,23201,56484,3966,52913,504215,3153,21154,12323,7598,1234,122196,14868,70794,36534,113495,398,87721,25376,178657,113644,65013,432340,161036,25252,33522,24274,9826,4799,90058,75161,8412,444269,74975,64659,114801,115580,44813,17677,11764,1016302,157070,62659,181375,122830,186680,153002,2142,25541,125004,924039,124253,247023,81730,365995,25231,11009,23240,45559,703420,139445,50284,23073,47086,61841,18364,49480,313847,655337,6264,2263,168372,200942,243428,34068,1125802,19537,21848,53474,74121,12800,20913,16678,906430,110384,61713,10414,9754,28504,1220794,167816,114729,335786,108152,75732,79976,207092,89992,41517,1225830,104764,682510,438557,1711501,170985,12427,7855,1520235,5297281,226271,576740,256500,67921,233537,3344499,591814,1049002,529210,75442,22420,350047,38476,33407,385526,40906,94152,250468,89166,6217,16406,66543,257796,257796,266560,266560,931629,179079,206235,60984,63595,333388,35959,52388,322207,322207,1038751,137711,208497,11180,681363,409993,11015,76662,0,239132,83183,901749,33349,26172,208006,186008,22797,17988,63649,199547,144233,0,0,62,62,75880,75880,2434,2434,-
"2020. 02","수출액 (천달러)",40913407,468134,398,398,8376,151,5228,16,2980,9528,9214,36,138,139,132829,70083,1382,9213,52151,40869,-,2333,12,1,28,2215,200,36079,68172,16992,11862,17128,15978,6212,27090,13565,13526,19946,13644,7,4319,842,1132,20205,20205,140722,741,139982,56188,34502,21686,59728,1967,57761,92,92,-,136,83,53,203517,23,203494,993,33,24,-,26,910,7835,7835,132665,5,2902,45,1,99806,4619,-,25289,14100,448,1934,2954,1069,7695,63396,185,12902,12519,78,2103,-,1498,10389,23721,28461,2537,25923,32,5,-,28,2824627,0,2640531,184095,31126,27084,-,3994,48,601,601,3513,3012,502,3828,3828,1430583,806524,109580,255204,114274,84137,60863,383323,125990,50364,204688,2281,220819,64217,347,156255,398795,303332,95463,595037,2375,511414,81248,36695,36695,1619689,303024,250762,44141,373453,647903,407,577291,27015,546292,3984,420663,45761,59061,2363,20408,293070,0,31782,29056,2707,18,361647,32909,276225,52513,6652,12,2387,4253,241726,199093,42633,820813,102011,20949,151728,7798,190526,19262,160969,165032,2539,268881,21956,3748,86658,122572,26936,1358,5653,1908396,68781,15731,593772,456004,305660,162325,2567,66301,237255,931640,188884,325995,6334,237388,50741,106917,3299,12083,902500,113892,79187,48671,80221,215861,6923,22550,335197,775954,44307,2062,457447,30852,140791,100495,1661827,6655,55270,446590,126670,11566,5502,8459,1001115,216251,110877,31912,26951,46512,1851902,559971,104356,389772,195756,66666,69853,155762,127297,182469,992245,67812,46260,878174,2089527,99133,33466,14832,1942096,9248743,164705,890207,251519,104776,180328,6662998,994210,3946369,2276355,80397,34263,1533450,5224,16680,1628380,57181,222713,1348486,37804,8977,8579,20248,81497,81497,28156,28156,147219,6725,20508,8607,8198,45329,40454,17399,33015,33015,963427,452850,88269,11738,410571,418970,2235,84547,-,324150,8038,1430697,40815,17619,311423,31237,19359,2646,26981,910394,70224,-,-,12,12,295120,295120,10387,6147,4240
"2020. 02","수입액 (천달러)",36986961,2005305,2828,2828,368585,193521,152072,1348,21644,96825,29157,8235,57861,1573,366869,197777,5404,72114,91574,369163,91547,20561,3622,204570,1529,798,695,45841,246627,37700,46685,102304,41080,18858,86159,67224,18936,95689,53938,4228,29145,3521,4858,188116,188116,184443,6519,177924,59228,11380,47848,31049,17447,13602,13771,13236,534,69341,64700,4641,66518,36844,29674,102927,15,6404,28981,25420,42108,97965,97965,45644,656,15844,252,70,2680,14064,9125,2953,61306,3184,8930,919,3496,44777,1479583,464705,126610,217332,18682,11282,-,288082,263893,88999,75674,20363,55311,754725,748466,1407,4851,7526050,5676717,1745126,104207,2395789,273026,2110180,12583,-,4991,4991,85822,37170,48652,7548,7548,897589,196263,228786,80858,126241,171019,94421,464825,290698,79758,81417,12952,165368,50480,4674,110215,624327,294599,329728,207813,23351,134052,50410,58588,58588,364762,51379,9443,33118,77648,189810,3365,282083,23758,255673,2651,646909,15182,58892,3275,49591,515619,4349,18542,13543,4533,467,109002,14274,63950,30778,90812,246,77228,13339,145275,102459,42816,312870,125778,18981,20847,19540,5710,3302,71343,41475,5894,290091,16657,33837,88702,97500,34283,11707,7406,859911,120508,56668,214404,86010,172663,125531,666,17644,65816,871623,203012,215676,73280,307790,17637,11193,15226,27809,470745,55331,39224,14664,27966,46911,11393,24011,251245,459376,5637,16521,155442,98590,155997,27189,1467116,33109,14131,47647,51857,8796,9848,12131,1289597,115470,47138,15136,9930,43266,956300,120816,96661,263787,77235,67852,65277,160657,67885,36129,832387,70314,381882,380192,1217795,79884,5448,3717,1128747,4984956,150969,485279,179512,89254,143599,3495774,440569,1152549,795334,26646,8321,261912,33879,26457,549344,10371,351345,187628,31264,1081,7274,22909,153053,153053,204765,204765,605696,129140,117614,41455,34411,226999,21026,35051,222123,222123,1064370,130697,168810,8376,756488,386709,12441,81209,0,214385,78674,744502,49528,22084,147277,123145,17250,28252,59293,200385,97287,-,-,78,78,73135,73135,1602,1602,-
"2020. 03","수출액 (천달러)",46167486,545322,181,181,6904,328,2834,6,3736,10646,10101,1,387,156,174626,79090,2090,12082,81363,44866,-,1097,13,2,20,1977,160,41597,67496,15096,13944,14304,20361,3791,27411,16624,10786,22996,16194,73,4045,911,1773,21866,21866,168331,731,167600,75252,50050,25202,106865,2276,104589,72,72,-,300,232,67,211802,57,211746,1245,17,94,1,19,1115,9223,9223,138514,-,1153,57,1,102055,8938,-,26309,14893,860,1231,2927,1205,8671,125659,-,15066,59144,180,2032,-,16411,11818,21007,52065,7856,44209,7784,4,23,7756,2384757,0,2200589,184168,34092,29163,-,4854,75,469,469,3120,2608,512,5483,5483,1351928,678286,120285,258845,116388,103371,74754,494861,165177,58180,268136,3368,235489,68639,699,166151,585583,495705,89877,838830,2748,751086,84996,27174,27174,1835611,356783,270583,48386,435414,724042,402,674578,32269,638652,3657,545217,56524,68645,2222,25766,392060,1,28875,25694,3179,2,356473,34943,264269,57261,6063,9,2165,3890,269319,222095,47224,687366,104401,20436,147225,6745,192492,19421,173546,20739,2361,316325,18257,9321,106164,141907,33482,1355,5840,2079646,76738,22472,610680,489681,374005,169984,1658,74142,260287,952816,150758,337840,5794,250381,59311,133182,1608,13943,919336,120361,55479,45265,87413,201571,10055,26641,372553,783262,27231,7271,448433,84072,143228,73027,1928183,8578,53384,445159,146122,12446,7009,5399,1250085,267787,136484,52095,29153,50055,1980715,570670,118638,472792,199143,56370,76857,175704,134005,176536,1365157,84313,59495,1221348,2426032,114665,34121,12701,2264545,10629925,195881,991563,329474,132361,236696,7665404,1078547,5493275,3662003,98685,50602,1654364,4130,23491,1608391,25399,233812,1349180,47177,9845,14432,22901,90397,90397,21865,21865,138315,4880,19488,8475,8640,36495,47550,12788,34294,34294,1163601,570435,97034,8195,487936,515352,13021,99482,-,399418,3431,1534337,32264,21071,351447,33837,22213,3664,22775,969878,77187,-,-,6,6,211850,211850,5156,1141,4016
"2020. 03","수입액 (천달러)",41794358,2262289,8213,8213,439233,236296,184019,1055,17863,86193,29458,7484,47281,1970,365874,183995,6400,80382,95096,343868,75230,31173,1088,181498,1938,851,844,51246,380624,53645,57801,200348,48696,20134,86769,67782,18987,104371,65306,5380,23243,3983,6458,223841,223841,223303,8552,214751,63712,13548,50164,34555,23605,10950,12482,11265,1216,81901,74379,7522,74148,46846,27302,130933,31,8056,35922,28707,58216,121075,121075,61450,751,23113,175,139,5283,12508,16657,2825,90627,5960,18084,245,4400,61938,1705448,464768,158520,377686,25884,15749,0,295512,255077,112252,87629,28366,59263,822747,812533,1192,9022,5988475,4556077,1328299,104100,1942931,289590,1636739,16602,-,3253,3253,121477,64747,56730,9869,9869,1127595,188469,250673,113481,196610,268413,109949,626836,414031,102051,97089,13665,256249,104904,8634,142711,795896,383751,412145,224493,29234,131773,63486,47757,47757,457530,58444,15379,42659,99735,236873,4440,340765,27910,307957,4899,791977,26641,73016,10177,57652,620861,3630,23070,16002,6720,347,143966,18665,82591,42710,121489,353,98614,22522,188021,127364,60657,550553,167356,24002,30395,26576,8761,5076,102097,177154,9136,412414,58242,47980,112509,125748,50289,10879,6766,1225824,134469,52169,288314,120002,275058,208530,2118,30222,114943,1017978,175250,295939,65711,357816,22599,16428,33853,50382,726009,150024,51120,24450,46197,62844,16306,33560,341508,574280,9731,9482,188683,94444,236616,35323,2214331,35948,14845,60303,67082,13194,11959,16021,1994978,139151,72832,17658,11105,37557,1318445,227086,130182,345698,105206,89218,78002,198723,102153,42178,1176651,108960,650919,416772,1772147,149551,11482,8793,1602321,5818319,202566,648768,295741,103064,187609,3746103,634469,1547985,1056638,46824,11447,335702,59099,38276,291024,12111,63216,215697,56651,4279,10041,42330,202641,202641,208054,208054,839273,156932,179387,66183,57813,300257,29904,48797,287226,287226,1282648,185774,216553,14315,866007,430295,14384,93288,1,259836,62786,863720,48934,21542,227442,175383,21879,18435,58063,166351,125692,-,-,59,59,74497,74497,3535,3535,-
"2020. 04","수출액 (천달러)",36270123,545871,120,120,10235,207,5226,7,4796,14579,13331,76,394,778,162220,72909,2083,9171,78056,60005,4,12127,50,1,74,3149,139,44461,56574,15369,17290,9283,12307,2326,24713,16011,8702,23690,16858,35,4303,1119,1375,19915,19915,173820,1029,172791,62976,41298,21678,67179,1334,65845,74,74,-,249,206,43,159881,53,159828,1576,38,4,5,54,1476,14466,14466,94101,1,1218,46,0,74395,5545,0,12897,13195,526,1372,2544,789,7965,192639,254,9443,40366,323,2176,-,7497,9643,122937,40005,7255,32751,6604,10,-,6594,1518181,-,1409320,108861,35224,32551,1039,1600,34,556,556,3612,2853,759,3489,3489,1093128,545949,114959,202423,86962,86423,56412,379799,112081,50980,212832,3905,181080,44672,693,135715,513689,412105,101583,642996,3266,549864,89866,24901,24901,1489287,296184,204510,38461,338381,611435,316,534954,30030,502149,2775,715521,95870,56068,2204,17800,543579,0,18768,15925,2812,31,200497,25208,138070,37219,5135,5,2247,2883,233535,186074,47461,494068,66963,18998,94240,6995,126621,12624,132566,33083,1978,260350,13807,5183,84999,124695,26977,1248,3441,1648848,52084,28096,480750,345976,283918,154681,3099,63232,237013,835242,127200,307250,3892,213508,53497,110814,3218,15861,763280,119629,67870,36359,56449,172075,7354,20758,282785,616939,47406,3337,324867,63429,107755,70144,1875519,9067,45169,348822,87006,10725,7232,4321,1363176,270605,110943,34716,33246,91700,1521630,329396,89655,337194,187976,65515,57808,170313,103670,180102,1368254,81684,37466,1249104,1606260,71977,15342,9052,1509890,8517452,158088,810651,257802,117286,187140,6066581,919903,3266476,2268579,84611,32946,854496,3156,22690,1166400,24454,172231,969714,61275,16900,19883,24492,63486,63486,10948,10948,151113,4113,16359,9005,7813,48261,53798,11764,29599,29599,941971,437376,64364,9079,431153,395643,1307,81553,-,309798,2986,1364072,72855,18690,306387,25572,18889,3453,21593,851786,44848,-,-,17,17,241256,241256,6252,4504,1749
"2020. 04","수입액 (천달러)",37927239,2303941,5815,5815,429653,237725,167192,1083,23654,99847,31052,9972,57402,1421,382021,173948,7443,102562,98068,360276,70630,33352,1317,197690,2822,622,916,52926,379889,58191,56197,196842,48170,20489,97928,78519,19408,100420,58082,6379,23953,3396,8610,230895,230895,217195,7361,209834,63628,10272,53356,36475,23730,12745,16282,11070,5213,92145,86264,5881,69895,34007,35888,133412,60,7155,32464,32065,61669,130604,130604,56520,1187,23279,131,126,4364,12990,11641,2803,87913,5679,12026,161,3127,66920,1949708,610795,132494,452619,30627,13764,-,342655,233435,133318,87780,25584,62197,955437,946782,1822,6833,3814331,3020539,741169,52623,1695327,204841,1481172,9314,-,4900,4900,96608,41040,55569,13851,13851,1045426,182629,225734,107724,170530,265950,92858,547832,339276,102626,92381,13548,214766,69836,5611,139319,708222,361102,347119,213947,27384,122813,63750,71032,71032,405242,55745,13347,29237,90143,212668,4101,352197,26678,320997,4522,747435,15633,71905,2062,47940,605351,4544,18456,8948,8125,1383,135979,14868,81287,39824,125341,196,99408,25736,174656,115880,58776,459719,126535,20532,26937,22557,7453,4196,104871,137796,8842,424035,82489,51553,112456,110788,48118,11515,7116,1206574,161939,59329,254421,127680,254677,206268,3071,27360,111829,882367,147989,232394,65206,349213,17797,7229,16882,45658,672147,80707,52383,26184,49180,59320,14952,43807,345615,695844,6700,9184,183937,212273,246889,36861,1687441,37971,18372,58880,73407,13025,26333,9190,1450263,119014,63772,11221,12626,31395,1280599,184364,129756,348710,116827,96496,78250,199397,86189,40609,1136183,98613,700632,336938,1695754,169855,11394,10577,1503928,5271131,195900,583857,250998,102102,228507,3297654,612113,1646339,1123080,64456,20089,343264,65515,29934,448185,27074,179105,242005,76009,5002,13061,57946,255534,255534,180840,180840,664869,109274,177327,43278,46408,219800,26384,42398,254382,254382,1170121,157031,198349,10869,803873,381043,17761,95055,-,213412,54814,897530,12081,18515,226619,216159,21087,4749,53349,204191,140781,-,-,121,121,49506,49506,2667,2667,-
"2020. 05","수출액 (천달러)",34853427,460918,195,195,9857,195,5245,125,4292,11866,10778,80,440,568,130412,44892,1550,12875,71095,43290,-,5156,35,0,41,1972,220,35867,48755,15383,16071,3812,10840,2648,23827,15635,8191,24947,18063,1,4676,907,1300,16176,16176,151593,431,151162,50563,34625,15938,88963,58,88905,147,147,-,211,184,27,133026,62,132964,1218,-,31,-,33,1154,15976,15976,73717,0,1050,9,1,54849,6327,-,11482,10402,514,586,2694,915,5693,80297,484,9537,35388,68,1625,6,6628,10588,15974,37648,5151,32497,3356,-,-,3356,1214774,-,1096076,118698,33531,29519,1811,2178,22,1114,1114,2410,1956,455,2227,2227,1050127,532364,120247,174362,77632,99378,46143,328047,95697,39440,188404,4505,151911,35250,501,116160,629527,547569,81957,632644,1721,550810,80112,23671,23671,1331898,297234,177876,37742,271906,546686,453,451565,22077,426719,2769,619258,123342,47232,1820,12419,434444,0,13776,11402,2373,1,193910,15371,149710,28830,3807,1,1589,2217,180318,143427,36892,445122,53845,20268,88225,6870,115055,11224,105127,43146,1363,238958,17735,4737,75685,111657,25230,1244,2669,1468741,48614,44117,443255,311646,243327,134841,176,44652,198112,764662,130878,282957,7083,203324,35253,93493,1627,10047,622532,115598,54238,30279,42586,139661,6419,19562,214190,519777,53816,2718,257952,56028,86524,62739,1652360,5682,39717,263249,81952,10136,11604,7502,1232517,234711,84827,41910,37128,70845,1551846,505294,71264,294270,193839,63398,38498,160332,80371,144580,1352734,57761,40370,1254603,1727050,51801,7506,7986,1659756,9196864,147477,724556,185619,111196,187384,6972807,867825,2368454,1730321,38970,30175,548339,2716,17933,1605829,24187,76818,1504823,51994,14406,15938,21649,54164,54164,16733,16733,153384,3794,15506,9216,4335,47548,60129,12856,25800,25800,911124,416221,59952,7395,427556,386301,2833,75343,-,296659,11466,1457165,78202,17295,254147,21923,16243,2838,17260,988152,61106,-,-,6,6,222588,222588,3573,2360,1212
"2020. 05","수입액 (천달러)",34649645,2379560,6375,6375,475490,250466,200789,1662,22574,98866,35107,7121,55004,1634,433553,200492,9453,116802,106806,393103,83165,29818,1207,223145,2415,695,754,51906,345155,47095,58955,167969,50201,20935,99992,82916,17076,104782,70746,4037,19736,3292,6970,212433,212433,209811,8528,201283,70871,13139,57732,40423,29398,11025,11275,8368,2907,61695,55763,5932,72819,38053,34765,136104,34,7975,35758,28983,63355,116263,116263,39281,403,14246,230,108,3584,10283,8041,2386,75338,8022,11776,90,2166,53284,1494454,430132,101584,293422,18184,11030,-,339977,188637,111488,78464,24668,53796,810785,803318,2214,5252,2649582,2003633,606266,39682,1573325,180686,1389046,3593,-,4810,4810,79111,37213,41899,9548,9548,867006,112014,196674,92767,152986,216847,95718,476328,307054,91983,64997,12296,161436,43465,7285,110687,646229,340016,306212,189649,28308,106444,54897,40694,40694,354640,57242,11604,27706,67083,188562,2443,286286,26043,256175,4068,672998,11647,73452,3250,51192,528751,4706,22132,8614,8505,5012,126030,14386,77851,33793,133646,188,107297,26161,167286,111180,56107,444959,99891,20008,21792,20128,6962,5102,102809,160158,8110,416194,71294,64361,95998,114956,47300,14487,7798,875938,96306,45313,165378,85259,202970,156684,1219,21126,101683,765789,84476,219303,61327,314191,15373,7573,21729,41817,658135,125746,43476,21930,47051,60183,16173,46878,296697,555782,4226,10566,149608,156555,206742,28084,2087884,28442,4706,48115,110954,11425,12429,10473,1861340,112539,63556,13319,9373,26291,1295178,216527,123922,390625,93582,80470,69307,189603,94313,36829,1107607,88258,654119,365230,1674714,159721,10535,8676,1495782,5502054,204053,562597,235477,83650,261722,3542042,612511,1418462,1001632,29490,10892,265555,78056,32836,263235,11430,70222,181583,77595,1542,14531,61522,246849,246849,208285,208285,514411,71369,132012,35434,38180,166012,24634,46769,229550,229550,1003911,140666,194433,8386,660426,309532,14566,75117,-,180375,39474,984520,147285,18310,212080,178344,19296,10601,43474,231438,123691,-,-,71,71,42294,42294,6088,6088,-
"2020. 06","수출액 (천달러)",39216882,535387,387,387,11569,312,5573,125,5558,12740,11721,19,462,537,173527,75498,2348,18576,77105,43157,-,195,24,1,20,2032,195,40689,58388,21207,15470,1998,16474,3239,27410,18492,8918,26595,18206,16,5115,1869,1388,17280,17280,164336,491,163846,62664,41703,20960,104033,623,103410,103,103,-,186,157,30,159463,78,159386,657,32,1,-,23,601,18270,18270,99923,1,1309,13,5,70949,6741,-,20904,12523,1550,910,2886,844,6333,80782,1283,9385,12858,217,1983,1,12336,12523,30197,52726,10814,41912,3107,-,-,3107,1722038,-,1568299,153739,31777,26261,812,4689,15,1572,1572,3187,2650,537,3364,3364,1220655,613490,141357,223288,102802,91326,48392,372568,106820,52725,208543,4481,176855,38433,326,138096,566653,476423,90230,620102,1945,539886,78271,30262,30262,1544614,319117,244859,35410,343840,600631,757,553557,23031,527853,2673,637010,125531,56391,2559,12208,440320,0,20150,17571,2538,42,317920,21745,260026,36150,6801,2,1423,5377,194652,153800,40853,549398,62479,24903,104615,9916,144683,14167,114638,71911,2085,257387,19065,3476,83551,115806,30963,1191,3334,1695051,63241,35245,560860,389291,253514,134203,662,54786,203249,849015,134328,337166,6794,220217,43447,94268,2158,10638,727460,146478,52085,33943,50274,139262,5534,31722,268162,727217,44057,3763,306093,162303,116021,94980,1736243,7210,50101,291679,142736,12823,5773,4920,1221002,194682,98017,27376,15214,54075,1857000,685826,84500,349377,173415,84808,42805,206733,84380,145157,1473229,64116,57096,1352017,2122615,68780,11420,9720,2032695,9607670,168346,808233,234705,121559,241155,7072899,960774,3321290,2374810,73950,32907,809002,2605,28015,1408450,42275,66441,1299733,51733,15792,13510,22431,64925,64925,23113,23113,162432,6465,19757,10583,5563,35889,64282,19894,45101,45101,1011765,454325,91969,6337,459134,478405,3108,82920,-,385282,7094,1592641,88122,24872,287521,25342,18206,28305,22664,1016904,80706,-,-,8,8,92777,92777,13710,11463,2246
"2020. 06","수입액 (천달러)",35787080,2300942,5098,5098,374496,201347,149202,1262,22686,85540,29248,4021,50427,1843,424154,178472,11400,121101,113181,415326,92379,53353,1079,202987,1625,857,1122,61923,331599,50416,59389,141948,53603,26244,102764,86902,15863,109975,77390,7671,14555,3815,6544,232820,232820,219169,7810,211359,83251,15230,68020,38647,24709,13938,6536,5072,1464,99186,92108,7078,62883,31954,30929,145212,68,8447,32182,36824,67691,111415,111415,41238,298,16762,268,45,3537,8244,8812,3271,73005,5676,13658,94,2307,51271,1476759,428029,101966,336937,20160,15348,-,297805,198042,78473,80557,24009,56548,744697,738585,1682,4430,2949972,2128237,767930,53804,1344576,194256,1145192,5128,-,1762,1762,87747,42742,45005,9835,9835,892524,156303,195862,91825,142908,215049,90576,457935,276147,99988,70364,11437,205618,65371,7940,132308,754361,367470,386891,212045,28444,121283,62318,39039,39039,381793,57994,11926,34290,74572,200483,2527,326021,26625,293866,5529,699414,11675,80217,4565,49247,551094,2617,31700,17340,10077,4284,137934,18340,83193,36400,120529,319,93764,26445,182392,119795,62597,604969,118156,26790,30374,32990,9229,5519,158447,214039,9426,438502,73445,51005,103367,131986,53156,13118,12425,831931,87560,43389,136190,84424,190320,153738,2245,22497,111568,828989,121507,232522,83645,310188,19574,4951,12222,44380,665997,74891,57027,21105,45227,64038,16665,50229,336815,514222,7291,12191,155983,110548,192858,35351,2238662,27025,9652,53319,215040,13152,13189,15457,1891826,142496,61966,14197,11840,54494,1416771,265904,138248,397049,100955,94522,74787,214631,92588,38086,1060978,100261,591763,368954,1584785,146621,8700,7851,1421613,5473028,220985,593134,250242,77264,268705,3436065,626633,1270050,824809,20901,5167,299328,83660,36185,375119,16518,101484,257116,82641,2910,19540,60191,269849,269849,247933,247933,624153,107882,150837,37094,43194,202222,29717,53208,275103,275103,1304832,179110,223867,7450,894405,367893,11613,94942,0,196488,64850,1007617,75620,19987,229944,225024,18525,18596,55886,234523,129510,-,-,119,119,56508,56508,4405,4405,-
"2020. 07","수출액 (천달러)",42786304,543164,443,443,9919,234,5999,1,3685,11634,10713,13,571,337,167443,76535,1961,15769,73179,44340,-,366,4,6,38,2091,180,41655,60059,22100,15248,3970,14971,3770,27387,18246,9142,23678,16477,13,4025,1373,1790,16261,16261,181999,833,181167,72716,47016,25700,103281,1206,102074,26,26,-,314,230,84,195358,196,195162,983,0,35,0,127,820,11329,11329,115764,0,1365,44,2,81518,6378,1,26455,11553,950,1347,2629,1290,5337,170908,974,16311,31149,203,1603,8,3959,15624,101075,59351,9668,49683,3026,-,-,3026,2122884,-,1959125,163759,29273,26082,-,3143,47,885,885,3359,2813,546,3450,3450,1266607,649204,135396,214319,103642,107267,56780,407570,117408,55898,230091,4173,209612,48887,488,160237,555412,449145,106266,661826,2614,582040,77172,15000,15000,1691001,350947,265399,46093,389257,638674,631,668981,27076,638013,3892,605713,93164,71695,1564,17204,422085,1,26057,23173,2741,142,357867,29967,276005,51895,6144,10,2228,3907,195539,158473,37065,664669,75965,29539,115790,10148,199625,17190,147115,66796,2502,278544,14939,6081,91641,131241,29731,1466,3444,1829793,47020,31054,590655,426490,310988,147126,1176,56422,218862,997809,155148,396174,10758,240428,73168,107751,4220,10163,825220,128467,81100,41944,71459,145395,7102,35955,313798,708407,27592,3446,385149,84303,152535,55381,1780173,8589,56443,320152,170485,20870,6150,7554,1189930,220493,103970,38842,19356,58325,1617376,339591,113138,422359,170175,92561,59994,175026,110486,134047,1096012,68141,57453,970418,2204274,69412,21197,10793,2102872,9985159,193449,1001539,248667,117841,294379,7077829,1051454,4939452,3519800,93293,35702,1257154,6063,27439,1836587,64407,84698,1687482,69059,25342,20028,23688,80793,80793,25834,25834,178364,7606,17815,12080,7019,49821,63565,20457,30869,30869,1112877,508598,97446,12668,494164,514227,5570,86026,-,417896,4735,1622982,177225,29079,335084,32170,17336,3120,29755,930511,68702,-,-,4,4,42927,42927,9452,6308,3144
"2020. 07","수입액 (천달러)",38840753,2412969,4423,4423,450671,228761,197524,1614,22772,123041,48224,11266,61374,2177,429819,166917,10977,132720,119204,416012,91137,43064,1382,221120,1193,1078,911,56126,321084,47473,59242,133326,53191,27852,96480,79208,17273,120270,87025,6823,16091,3317,7014,228044,228044,223124,7608,215516,84738,15070,69668,30506,13561,16945,11494,7697,3796,69573,62572,7000,57952,31446,26506,143997,83,8752,26672,32298,76193,92331,92331,42238,632,17511,431,185,4002,8582,7847,3047,73049,5214,11682,52,3049,53052,1867051,552789,97712,527547,23541,10083,-,289208,216056,150114,89279,25728,63551,789321,781470,2053,5798,4394527,3339463,1003302,51762,1148219,236193,906099,5927,-,4805,4805,124150,65289,58860,8320,8320,965719,203263,203454,104400,141883,219806,92912,614532,322965,78178,77873,135516,205926,78684,5450,121791,750646,392270,358376,217772,26430,127440,63902,49420,49420,372450,56195,9190,38190,71921,194302,2653,355208,28188,322471,4548,738517,14713,79207,4072,50122,587946,2457,29844,14929,8890,6026,153380,17107,99081,37193,113870,393,88557,24921,179578,116681,62897,573396,128152,31309,29688,32447,9948,5418,177090,150060,9284,435802,70003,53817,97204,135484,47103,15078,17113,772463,102162,48205,123652,77545,176586,128036,2424,20425,93427,813701,115302,236443,57410,306824,30143,7583,22552,37444,663733,91467,53933,20883,45894,58684,18070,50505,324298,573205,6495,18882,176479,136168,202355,32826,2253492,39598,5203,53001,279776,9272,8820,18091,1839731,132215,61536,15092,10111,45477,1385080,257175,117472,412057,108115,100344,64081,193167,87666,45003,1137617,96669,575179,465770,1756896,140694,10922,12432,1592848,6200831,223523,616615,283955,80446,273972,4057706,664615,1135706,589473,39862,16216,368518,86575,35060,392771,13017,123044,256711,73189,1315,15960,55914,267034,267034,285304,285304,847352,168691,191457,58141,55050,283141,29421,61451,243695,243695,1342203,181039,212047,11589,937529,381347,10786,90988,-,216928,62646,880921,13074,23165,231383,195798,18716,27157,55875,187788,127966,-,-,57,57,96546,96546,4816,4816,-
"2020. 08","수출액 (천달러)",39487034,488810,374,374,9348,141,4128,17,5062,10687,9710,57,745,174,151512,75446,1347,14832,59886,42892,-,2083,10,2,63,1852,178,38705,57337,15161,15357,7622,15438,3759,27071,18648,8423,24477,16934,16,3906,2051,1570,13829,13829,151283,788,150495,61290,41580,19710,76828,874,75954,108,108,-,261,178,82,178623,781,177842,777,2,40,1,26,707,8874,8874,111515,0,792,54,1,81873,5333,-,23462,13782,1243,913,3190,1049,7387,98086,1049,12004,27941,4,1872,-,4067,14788,36361,35847,4356,31491,3308,12,-,3296,2047566,-,1909639,137927,29496,25882,973,2625,16,1671,1671,2534,1999,535,4533,4533,1123187,567069,97061,201737,101480,94166,61674,419827,122849,60390,232867,3721,194242,48314,707,145221,576700,507342,69358,636159,2504,564102,69552,28176,28176,1622416,338530,249391,51968,368869,613251,406,623161,23582,596384,3196,670078,81112,67703,1231,16116,503916,0,19532,16205,2615,712,321207,25545,252301,43361,4506,1,1213,3292,180870,148292,32578,536849,78587,22081,81464,6918,143101,12986,128209,61361,2143,260104,17280,3317,82254,125185,27117,1248,3703,1735734,47819,11873,608181,393830,322011,135317,3390,46864,166451,928032,204928,334973,4544,227776,44012,97588,2742,11468,712536,103034,55790,35282,63124,134067,7667,35014,278558,678624,35362,1554,333805,92280,138198,77426,1582583,6383,45633,259447,145445,10863,3437,4324,1107050,172908,91649,15785,14759,50714,1307170,301045,81831,343824,128022,65092,51555,137101,93833,104867,1055653,64558,74373,916722,2176813,50455,21658,9352,2095348,10159688,163919,921567,216726,101661,286451,7444674,1024690,3717042,2459500,93994,33228,1103877,4530,21913,1203596,47733,53188,1102675,51978,15667,17108,19203,69478,69478,19203,19203,130269,5995,21002,7059,7151,30338,41549,17174,33864,33864,1135344,570318,82645,11381,471000,489593,6335,77893,0,396673,8693,1609971,92930,18104,285840,26068,15513,2386,46945,1063091,59095,-,-,4,4,127020,127020,9007,6028,2979
"2020. 08","수입액 (천달러)",35800897,2064710,6648,6648,423394,240824,162708,1712,18149,92577,32559,5943,52545,1530,407139,150743,10332,127212,118852,306032,68925,5337,155,177656,1161,532,944,51322,244943,44638,52403,84639,42699,20565,84583,69102,15482,114715,74175,7067,23980,4028,5465,184521,184521,200158,6545,193613,84807,13862,70946,40275,25964,14311,6865,4237,2629,46884,41823,5061,53818,30347,23471,131052,0,8643,32104,25596,64709,98210,98210,26658,116,7897,200,74,2669,5982,6700,3019,71186,5585,11249,77,3007,51267,1448968,617047,94502,247492,23010,11007,-,146537,235476,73896,77371,21110,56261,708253,700374,2167,5712,4484295,3503872,926112,54310,833699,204359,620816,8525,-,3451,3451,77820,31370,46450,7821,7821,908249,221159,191459,90105,125633,180622,99270,468257,299337,72300,74506,22113,185312,76904,4874,103534,603709,281539,322171,196159,19005,123310,53845,26898,26898,303347,45606,9786,29193,69859,146794,2110,350944,26047,320841,4056,664302,6918,67714,1532,37665,548081,2392,28997,14949,8263,5785,125054,13675,77422,33957,96323,198,74321,21805,158271,101557,56714,475732,112967,28268,25900,27826,8879,5464,145084,111451,9893,382309,56668,43713,85038,122423,47789,14158,12520,676456,83137,51185,123287,57891,125930,126909,3504,17015,87599,756320,95769,238557,72784,275681,21654,6587,16626,28662,608810,86860,44168,20566,40096,50359,16342,43359,307061,577251,6958,13716,163516,121037,241092,30931,1599912,33655,5619,44800,210438,15940,9756,13609,1266094,138054,59565,21575,11185,45730,1185383,162887,114252,331142,133141,83367,55971,183620,87190,33812,1157656,83214,559988,514454,1457172,139278,11626,6700,1299568,5909895,217407,624697,248906,69491,245582,3888320,615492,1480217,1004370,36197,22350,306419,77963,32918,569927,12051,466612,91264,64134,746,15113,48275,245679,245679,255208,255208,1031099,217384,249405,58579,68730,342941,33580,60480,226052,226052,1158226,104335,206517,12412,834961,390602,11037,77937,0,225847,75781,951233,16355,25307,212837,188165,17681,28744,84367,226562,151214,-,-,48,48,115046,115046,6510,6510,-
"2020. 09","수출액 (천달러)",47857785,550167,465,465,9904,437,4336,15,5116,9761,8617,28,971,145,150804,67669,1769,12681,68684,49689,-,2144,28,51,50,2146,290,44981,71541,11234,13115,22490,20683,4020,30618,20690,9928,29787,20535,32,5357,2320,1543,23513,23513,174084,1117,172967,79444,53612,25832,86500,1243,85256,87,87,-,339,295,44,219678,256,219422,933,38,43,4,2,847,8196,8196,134828,6,1289,9,2,97641,5811,87,29983,13991,781,1574,3450,1728,6457,90637,1807,18668,2235,111,2998,-,4210,16763,43845,38228,5297,32931,3157,9,-,3148,1999079,-,1852711,146368,37762,34375,1660,1704,24,1075,1075,2920,2455,465,3302,3302,1260747,656890,108337,203542,127285,88534,76160,497063,148711,57828,285456,5068,231966,56104,908,174954,746035,669147,76888,905958,2660,817104,86193,34618,34618,1849360,370970,293516,53686,433029,697591,569,722177,28011,691010,3155,761555,38586,87033,1309,20767,613860,0,30579,26654,3727,199,393333,38991,291811,62532,5089,28,1367,3694,206885,164126,42759,749637,96566,28409,93299,6064,192000,16843,170625,143655,2178,302730,23208,6009,99435,136764,32736,1209,3369,2030511,60799,27208,607976,495176,387135,173410,984,65795,212029,1117264,224039,423867,7007,247696,51308,145159,4661,13527,862678,117853,71016,41318,87200,155065,9629,34226,346372,793624,28255,1399,446429,54811,167788,94942,1771125,8994,65204,364962,169279,24576,8211,6663,1123236,230233,127807,20197,32183,50046,1727807,371743,122561,477927,166714,82721,80592,166258,122035,137255,1511362,77659,56879,1376824,2810097,52010,25528,14130,2718429,11620017,192777,1050588,288188,128043,370226,8303129,1287066,5464216,3599079,153213,34073,1653099,6688,18062,1826858,71828,80290,1674740,69489,21938,22353,25198,97141,97141,23634,23634,165240,7721,25440,8011,8388,39058,55599,21023,37805,37805,1314164,701249,105693,13201,494022,512467,3688,84313,-,419121,5343,1729538,118266,24966,360356,33523,18578,9001,70959,1008677,85212,-,-,20,20,164306,164306,10128,7434,2694
"2020. 09","수입액 (천달러)",39391098,2335981,6003,6003,455518,271127,160209,1665,22517,93554,32844,6478,52789,1443,452826,184298,8870,143392,116266,380793,87896,26352,1343,198301,4288,617,837,61158,286668,61412,57094,98711,51592,17858,85266,70421,14846,122696,75944,4494,29758,4286,8213,236712,236712,215944,7438,208507,88346,18171,70175,23078,8191,14887,6759,5543,1217,76711,70790,5921,66332,37706,28625,137497,13,7321,41478,26922,61763,100901,100901,28557,347,6956,83,107,3263,7163,7758,2881,76309,3088,14896,67,3276,54982,2023578,558253,110390,373803,36270,12979,-,550699,249974,131210,76677,24868,51809,806603,799278,1618,5707,4749828,3592944,1095488,61396,1030588,245850,772814,11923,-,2811,2811,104371,60459,43913,8133,8133,1004807,215113,220082,94162,140733,224757,109960,538894,334791,108395,83136,12572,200204,71704,6416,122083,708018,341029,366989,213500,20963,134287,58250,27615,27615,366985,41590,11100,31123,81588,199594,1989,370223,23480,342659,4083,651681,17687,77602,5374,35868,513091,2059,28350,14480,10415,3455,133583,14944,84370,34269,98386,334,74747,23305,171249,109598,61651,493145,118696,29299,28367,18894,8450,5355,159409,114470,10205,406291,58259,55474,92949,124221,46584,15434,13371,759999,110223,33877,137739,78785,157640,126109,3724,19169,92733,998211,246375,251144,70656,337028,21661,10260,27167,33921,633995,72827,47843,26512,40966,56020,17567,50535,321726,650651,9831,1968,157360,183701,257546,40244,1618189,40954,20861,46923,185637,18274,9790,27070,1268681,164986,62913,18804,9192,74077,1196716,155210,104618,357615,112437,72534,65075,199089,92788,37348,1248887,94593,623191,531102,1520700,135122,9572,6687,1369319,6165276,219654,636884,302222,74969,265341,3972659,693547,1638992,1079151,44937,33266,371493,72400,37745,933513,18118,522063,393332,67659,766,15839,51054,275890,275890,245146,245146,1162104,255925,309518,56904,75823,359045,42862,62027,257090,257090,1214372,125663,221401,14419,852889,431617,6945,82009,0,272733,69929,963752,84392,21951,228016,213607,18183,28585,52155,196960,119904,-,-,73,73,83778,83778,3512,3512,-
"2020. 10","수출액 (천달러)",44877320,554967,593,593,9320,134,4395,5,4787,9616,8772,70,611,162,180243,91379,2555,14438,71871,46375,-,327,34,5,73,1827,291,43817,74058,13150,13344,27736,17089,2740,27870,19472,8398,27580,18523,28,5615,1730,1684,18387,18387,160925,719,160206,65607,42150,23456,102592,520,102072,106,106,-,249,134,115,233716,524,233192,737,27,21,1,27,661,10049,10049,128680,-,1154,22,-,93493,5773,-,28238,16906,456,1229,3522,1359,10340,105092,1213,16108,36205,220,2896,6,3379,15259,29808,41447,7664,33783,94,33,0,61,1697761,-,1576135,121627,37933,33695,835,3369,34,1974,1974,2659,2069,590,3567,3567,1173781,570350,91470,207796,131121,90629,82415,476871,133829,50968,286843,5232,239186,57754,752,180680,622914,548743,74171,787784,4068,707995,75720,19265,19265,1759930,362455,274613,59824,414636,647694,709,667618,25785,638780,3052,688048,37057,80437,994,17876,551683,0,31204,27538,3666,-,372283,36879,275460,59944,5053,6,1574,3472,200178,165007,35171,633289,95215,28830,102578,5333,179278,15368,155392,49716,1579,291170,22644,6039,93181,136601,27618,1095,3992,1926845,61121,23538,586505,451213,342717,177615,74,66147,217916,1099524,200684,449094,5979,238283,39848,148928,3549,13158,829152,103345,51419,44761,80200,171751,10281,34715,332679,716738,33988,1484,384062,74218,162754,60232,1741326,6678,61762,363896,176516,9723,4098,7606,1111046,237864,113109,27890,22213,74652,1608203,346041,105401,420100,161897,72813,74991,162071,126787,138100,1079473,65754,49559,964160,2988130,55904,34026,12404,2885796,10982077,175372,1011360,270666,137870,337356,7852706,1196747,5541585,3850597,137424,24218,1502064,5052,22231,1610223,121607,95769,1392847,45297,11482,14261,19554,88139,88139,28512,28512,163359,9276,25789,9751,7792,40911,51196,18644,31292,31292,1226895,631781,102066,18703,474345,472937,8068,90382,-,367023,7465,1396617,91205,26850,334122,35850,18504,3941,55588,747949,82610,-,-,20,20,79372,79372,11028,8682,2346
"2020. 10","수입액 (천달러)",39085895,2254411,7112,7112,422842,242033,158362,1345,21102,90495,31844,7852,48988,1810,435802,157522,10704,131375,136201,387397,88736,19187,153,213141,1864,778,860,62677,275325,55410,61201,88570,52762,17382,77104,57856,19248,132597,81484,5555,36093,3144,6322,213930,213930,211807,8283,203525,78942,10717,68225,27957,14147,13810,8419,5431,2989,49636,39828,9808,60574,26228,34346,147151,27,7380,45319,31364,63060,116638,116638,31732,483,9980,122,20,3509,7817,7064,2737,78792,6386,10618,93,3335,58360,1895818,654867,130333,349432,18392,13360,-,302697,264885,161852,90655,30172,60484,706881,698991,1830,6060,4225138,3545772,623309,56058,1318440,241789,1061443,15208,-,4532,4532,71060,41618,29443,9145,9145,1013576,211079,201684,91859,155924,244741,108290,664501,375791,101147,80923,106640,200811,69249,7688,123874,749072,350347,398725,213081,24606,133919,54556,26230,26230,398630,51232,13264,34329,83065,214558,2181,374239,23975,346864,3401,729858,15428,81562,2387,49952,578318,2213,28254,13190,12355,2708,141337,14452,90880,36004,93071,312,69916,22844,174333,112402,61931,481658,123544,28846,29245,20807,10421,5928,141103,109265,12500,421208,65954,46569,107925,127657,43821,16982,12300,758644,105848,25952,123574,89461,157069,151548,2466,22402,80324,975007,216021,266320,76905,322750,30867,8771,17270,36104,664637,110090,48379,22895,41950,59322,16101,48406,317494,707366,15124,10545,158965,193607,299736,29388,1457644,17143,11567,61077,138080,20926,7557,13880,1187414,109795,46594,14763,10284,38154,1220470,182574,123491,318235,135325,72368,69216,191288,87539,40434,1198400,83689,647921,466789,1827940,158761,11221,8896,1649061,6521117,215286,652835,292947,92702,288637,4290330,688380,1695385,1113744,65713,26639,386294,72344,30651,377950,17299,84185,276466,73187,924,17298,54965,275155,275155,273901,273901,1023044,214892,288351,46982,65701,298296,47264,61559,239057,239057,1286174,141014,217256,13291,914613,427218,7576,80252,-,264358,75032,985503,50493,21778,236884,242056,16830,20295,64048,208641,124476,-,-,145,145,99549,99549,2826,2826,-
"2020. 11","수출액 (천달러)",45839703,611039,547,547,10814,436,4502,62,5814,9116,8291,34,706,85,188042,96539,2829,13239,75436,51078,-,873,79,1,79,2313,305,47427,99776,22417,15311,33665,25741,2642,31297,21268,10030,28173,18606,102,5799,1561,2105,21993,21993,170202,840,169362,68710,40127,28583,78783,1093,77690,88,88,-,801,230,571,259354,105,259249,1049,29,80,-,1,939,7448,7448,127610,-,1312,47,14,92282,4272,0,29682,15881,599,1001,4903,1401,7977,196657,796,11989,89488,9,2730,-,4582,19888,67176,43039,5221,37817,1134,-,5,1129,1819157,-,1682075,137082,36426,33326,23,3051,26,1403,1403,2970,2577,393,3001,3001,1161782,567885,82761,206818,114743,116258,73318,501507,122263,54364,320698,4181,263670,62558,930,200182,753940,680330,73610,828355,3374,741319,83662,18475,18475,1738619,336159,285054,52197,424830,639526,853,676772,25860,647467,3445,744113,31279,78218,1600,22499,610516,1,25742,21614,3990,138,364886,39230,262930,62725,6147,15,1928,4204,202168,163085,39082,679362,97065,31879,119476,6601,190877,16408,159827,54608,2621,300908,18821,5010,104431,138003,28912,1682,4049,1952933,66368,35648,586397,448805,388990,148409,7687,72737,197891,1143077,187040,477690,6634,234450,78199,144811,4650,9603,871974,92565,62198,42857,83969,195821,9967,36562,348035,732136,31187,1306,405961,47637,174729,71316,1818335,8982,56064,393461,166576,11829,7271,4890,1169262,262833,121078,43219,22679,75857,1803963,370444,106643,443802,183076,85205,82063,171842,139561,221326,1131098,74501,59469,997128,3132931,49149,33148,10585,3040049,10954223,201635,1026806,301241,157128,313993,7760667,1192754,5590312,3800974,151390,30430,1577179,5900,24439,1058623,44222,62957,951445,50944,13201,16709,21035,89648,89648,33935,33935,199026,11455,27360,12626,8245,51999,66428,20913,35601,35601,1335039,687864,111744,16695,518736,469011,4447,88052,-,368019,8494,1514514,54678,132749,353223,35230,18037,8009,66280,754998,91310,-,-,2,2,94266,94266,24284,21418,2867
"2020. 11","수입액 (천달러)",39935508,2212350,5814,5814,397093,226021,145449,1828,23796,89160,32347,6555,48724,1534,492677,202334,10260,152839,127244,311439,52388,5778,1187,185124,2374,695,1077,62815,295604,57304,62359,109475,48386,18080,74327,58199,16128,124497,76171,5139,32750,4802,5634,202410,202410,219330,9028,210302,85240,11978,73262,31502,15609,15893,5730,4773,957,86425,68389,18037,73990,39069,34921,130111,51,7281,38415,30826,53537,95593,95593,37672,361,14724,316,42,3615,8266,7857,2493,69765,2860,13265,81,4007,49551,2324648,873570,124543,442377,26302,11429,-,417076,265875,163476,74864,23929,50935,717745,710531,879,6336,3736020,2901558,773857,60605,1375365,249452,1117854,8059,-,5074,5074,89870,50536,39334,9659,9659,1241960,363841,219340,104225,162534,290468,101551,743925,442931,109075,105254,86665,220418,85891,4887,129641,747367,380040,367327,209231,21861,127859,59510,49931,49931,394134,51186,14528,34053,89002,202576,2788,384830,25610,355252,3968,717789,21347,88223,4142,51289,548307,4481,27727,13076,12038,2612,149567,15654,92850,41062,96593,239,71704,24650,177957,109376,68581,477574,128148,26248,31974,26898,12825,5848,126861,108222,10550,432705,74768,50367,102541,130801,46006,16288,11933,877093,118231,68082,134096,98169,209728,143699,1361,20745,82983,1005160,195276,292083,68503,344541,26270,9613,26292,42582,675280,80508,56030,26531,47062,60818,18575,51812,333944,672365,6946,5005,165271,78194,375428,41522,1803291,17619,8942,57834,120970,17825,18693,22688,1538719,126698,61549,13235,9075,42838,1293287,166847,114579,382769,122572,79664,83555,197387,99198,46718,1252679,90559,708323,453797,2060999,172610,7419,9596,1871372,6430543,225645,657003,314508,107383,291549,4156887,677568,1947535,1396304,63510,17737,367881,63995,38109,168481,16477,61284,90720,85208,3698,19184,62327,272364,272364,293066,293066,724968,112785,175677,33716,53637,236685,49580,62888,234592,234592,1174786,136965,203849,12738,821234,497873,14216,85759,-,317512,80386,1012587,13126,27957,254215,231272,21170,59139,70247,195710,139750,-,-,95,95,91085,91085,2140,2140,-
"2020. 12","수출액 (천달러)",51409911,652395,704,704,11836,398,5533,13,5892,7756,7216,110,366,63,207190,106798,2455,17214,80722,47618,-,404,11,0,63,2291,272,44578,99940,17098,16405,36728,23776,5934,31870,20936,10934,30764,19723,91,6096,2733,2120,23877,23877,190841,1400,189440,70601,45973,24629,73707,199,73508,142,142,-,281,121,160,332713,991,331722,859,68,10,6,70,706,9144,9144,137296,6,1725,-,-,101150,4819,-,29596,18894,804,1565,5603,1390,9531,133201,1255,22235,48651,-,2719,-,5947,19287,33107,46214,6706,39507,43,5,0,37,2163434,-,2035933,127501,36774,31491,778,4450,56,876,876,2809,2187,622,2398,2398,1431780,704145,113652,233366,166576,130402,83639,556135,137011,55642,360175,3307,263283,66549,753,195982,1060163,970100,90063,761258,2283,672617,86358,22667,22667,2025801,365980,325888,57457,495884,779505,1087,743631,27153,712231,4246,819758,36730,76494,2697,25822,678014,0,35309,31746,3465,98,370180,41146,266873,62161,5398,6,2092,3300,206830,166597,40233,758979,105801,34838,141913,8424,215621,20232,173383,56227,2540,320845,24210,6400,109642,148916,27924,1364,2389,2007250,54485,25460,619752,476704,368896,165797,482,75310,220364,1288023,258825,476443,8446,309390,47799,173302,2367,11450,1001267,119125,78599,48352,96396,229488,9120,34034,386154,849977,17213,13525,488997,47074,198237,84931,2004205,12989,77680,424303,174033,14288,7131,5295,1288484,279015,116756,65670,31496,65093,2038772,425466,147430,488888,202086,87752,93339,187857,170052,235901,1475633,82378,77456,1315799,3305355,51008,31964,14266,3208118,11718921,256623,1085453,345359,157571,305998,8311787,1256129,5458853,3423801,159990,28981,1812684,5630,27766,2869233,42080,128968,2698185,48038,9545,14805,23688,111488,111488,30060,30060,203256,15991,28903,15692,8644,45903,64505,23618,39387,39387,1408783,697696,128598,17792,564697,522113,3103,96368,-,417388,5253,1604307,97958,51413,404445,44901,19797,7229,28440,846412,103712,-,-,4,4,78361,78361,3813,43,3770
"2020. 12","수입액 (천달러)",44637611,2393520,6491,6491,376556,186245,162905,2127,25279,82886,28269,7114,45719,1784,528875,246541,12124,138824,131387,362302,94186,43439,1062,150280,4980,843,1031,66482,324844,77314,58841,118118,53980,16590,111642,88887,22755,126714,72513,6263,37888,4759,5291,244804,244804,228406,8148,220259,102297,10759,91538,38033,15077,22956,7296,7100,196,101975,78576,23399,84859,42945,41913,156449,21,7987,45184,37900,65356,101908,101908,48211,488,20187,279,50,4710,9759,10201,2537,94712,5392,15108,246,4870,69095,2245249,684949,151697,474098,41977,12160,-,439535,266867,173965,86092,22565,63526,804078,797964,1045,5069,4837996,3807670,939536,90790,1854957,310488,1527909,16560,-,5356,5356,95505,40689,54815,12209,12209,1316193,374008,263713,124844,189922,252922,110784,892060,414480,105032,86473,286076,249535,104460,6024,139051,753028,394378,358651,235737,26610,144449,64678,40735,40735,439202,48760,15615,34366,94612,243169,2679,406553,28155,373290,5109,802495,21655,96811,5693,55622,619442,3273,30870,15868,12315,2687,158729,16828,94478,47423,117215,261,89411,27542,189790,117946,71844,504570,148968,27598,36216,23585,12341,6524,125106,113226,11004,473106,74114,57457,116477,142730,53301,17722,11305,987418,150560,60123,121164,107692,268943,161760,3069,23914,90194,1140505,234347,301559,84282,406519,34542,11050,24536,43670,768880,115112,59432,27785,48277,68573,21150,50814,377737,745481,9823,15315,191203,193831,298395,36915,2518900,22231,14973,54428,106876,18308,26416,10841,2264826,122862,60988,16798,10766,34310,1388536,177899,123462,423818,113971,92833,83633,217174,109580,46167,1364933,109053,798029,457850,1942192,212349,7609,11539,1710695,6557569,233541,722232,318833,92273,293779,4177585,719326,2149894,1546775,61992,48321,396725,50243,45838,287562,15351,74216,197995,93550,4582,18976,69991,300029,300029,283206,283206,764451,123775,178844,46877,57505,244452,51622,61375,284588,284588,1494748,200109,237237,15226,1042175,483343,20081,99464,0,267714,96085,1139487,59183,27459,267651,258841,24624,27995,74919,249187,149628,13,13,75,75,137425,137425,1449,1449,-
"2021. 01","수출액 (천달러)",48013321,530542,550,550,8438,295,3926,105,4112,9553,8785,7,702,58,136858,67255,1916,9497,58190,44268,-,479,36,0,33,1939,395,41385,86526,16046,22094,26176,17650,4561,24100,15836,8264,26411,18785,100,4566,1762,1199,19143,19143,174695,1118,173577,62406,40318,22088,46325,1130,45195,30,30,-,1445,1353,91,341615,111,341505,1042,67,59,1,157,759,8858,8858,117405,-,1540,-,-,86101,4756,107,24901,20230,519,1641,6205,1560,10305,107908,779,14394,43019,50,2745,-,5618,13739,27566,34304,3114,31190,61,18,24,19,1929950,-,1771476,158474,43036,32786,0,10232,19,1048,1048,3335,2898,438,1437,1437,1434818,755409,144064,207513,141105,99263,87464,527296,139125,47289,337236,3646,257533,64833,1583,191117,750860,687197,63663,825947,3322,741965,80661,32324,32324,2013567,353709,339155,84942,494659,740344,759,680811,26040,651128,3643,670555,50847,77690,1890,22415,517713,1,29224,25778,3445,0,360741,38432,266716,55593,5694,23,1325,4346,185660,150458,35201,624857,99465,27666,104019,7658,165564,16632,171269,28393,4192,297232,15887,4160,104127,138933,29471,1468,3187,2077792,80143,16557,658446,507159,405147,157055,1063,72090,180132,1158840,253732,446991,9003,265121,47327,121702,3221,11744,862001,107512,60956,43817,85224,156749,9827,30101,367815,711233,24539,1814,387362,57808,159970,79740,1838589,8430,80661,468011,157915,8877,8658,4968,1101070,220506,93536,29410,21885,75674,1643769,347327,104566,419388,165742,51481,83964,169171,138567,163562,1144948,71940,46606,1026402,2900201,43168,28693,12550,2815790,10875485,184793,1065221,263925,124289,283641,7809128,1144488,5533022,3815784,141959,34885,1506807,7799,25787,3567343,37089,101817,3428437,36161,4565,10694,20902,90430,90430,28986,28986,152887,9296,26351,12114,9077,39434,41432,15183,38287,38287,1230698,641084,104068,8870,476676,501736,9006,95252,-,392112,5366,1389681,106661,20715,343357,31971,21326,12533,31107,751017,70993,-,-,1,1,58280,58280,4347,964,3383
"2021. 01","수입액 (천달러)",44272149,2656767,4480,4480,572533,377914,174226,1096,19296,104990,34305,10341,58155,2190,487525,252766,7598,106558,120603,485906,77818,68391,1418,271223,2584,969,1027,62475,319869,65103,60229,119762,55276,19498,100781,72667,28113,128329,76670,4415,37351,4742,5151,229730,229730,222624,8414,214210,92119,9651,82468,20458,15500,4958,7207,6509,698,36083,23021,13063,80997,43457,37540,145185,14,6858,38311,40614,59387,111036,111036,42386,166,18749,44,194,3660,8882,7867,2824,87406,7616,10561,174,3912,65142,2267109,755326,108079,438139,25541,9880,-,474180,253416,202548,89785,27636,62149,653063,642815,1374,8874,5282642,3940146,1255466,87030,2235746,380923,1830571,24252,-,4470,4470,109211,56786,52425,12552,12552,1266672,278429,263719,123961,177137,309418,114008,688433,450695,99994,83299,54445,204609,71983,4525,128101,760551,386627,373924,218218,22564,135771,59883,49539,49539,420536,49609,14182,28933,97650,227733,2429,356426,26063,324973,5390,755336,25699,69870,5968,56500,593726,3572,28265,14828,11630,1807,133538,15811,78025,39703,115822,221,87394,28206,190893,117939,72953,478314,155351,22246,30472,23042,9028,5551,117215,106339,9071,444123,65539,55533,108312,133520,48104,19499,13615,876047,143658,51934,104184,102880,194482,164989,1584,23599,88738,1192677,181551,419764,81087,403135,27010,10620,19771,49739,696496,104845,41745,22715,48427,61641,18912,57976,340234,597010,8154,6194,158724,133171,257252,33516,2879338,21032,10666,64248,95660,11857,11583,6843,2657449,133947,74740,16211,8256,34739,1237044,163527,105911,308431,127469,113720,76693,201655,101806,37832,1586062,108430,1016864,460768,2089776,234937,7673,9595,1837572,6395062,248266,674112,299105,81860,259520,4128162,704037,1320928,791941,42182,16483,363503,64073,42747,269417,22439,52449,194529,87451,1676,16159,69616,281106,281106,265013,265013,836405,147764,174120,53231,59958,302847,39427,59057,266552,266552,1536185,197976,209863,13162,1115184,453145,11505,83567,-,296989,61085,1011176,10449,27384,267438,220634,23833,32370,71389,219709,137970,1,1,106,106,213194,213194,2515,2515,-
"2021. 02","수출액 (천달러)",44705704,489266,887,887,7400,139,1946,2,5312,10192,9670,6,513,3,140681,70830,1300,10366,58185,42700,-,232,10,0,46,1822,222,40369,65749,13094,15140,16984,15849,4682,19369,12523,6846,24286,16037,5,4508,2001,1735,19007,19007,158996,791,158205,65006,41857,23149,64174,438,63737,68,68,-,344,142,202,349218,281,348937,654,63,31,0,0,559,10099,10099,123906,-,1573,9,-,93881,4214,0,24228,20100,520,1218,9424,1512,7426,149151,605,15879,80297,21,2524,-,3953,13408,32464,32677,2236,30441,8783,3,0,8780,2463742,-,2290107,173635,33122,24791,0,8291,40,1158,1158,3491,3075,416,2346,2346,1579918,812078,155430,258850,152155,116923,84481,522269,131601,67163,320035,3470,268418,59968,502,207948,759851,693824,66027,687870,2226,610873,74771,34196,34196,2113819,403188,325432,73539,530677,780295,688,636878,24261,608952,3664,581829,51166,66870,438,22363,440991,1,28250,25344,2906,0,335679,33984,251730,49965,5315,81,1540,3694,192679,153071,39608,574616,96639,23876,94557,5494,144986,16676,161546,28342,2500,287732,18157,4155,103293,128902,27184,1430,4611,2038907,67320,34487,618548,511195,398263,145812,471,69788,193024,1217563,279794,472733,6366,243590,65045,137064,3145,9827,768725,95207,50720,37307,77608,141562,8691,27012,330617,653643,7830,2912,382510,28213,152025,80153,1964942,9159,77232,442238,157095,9447,8603,7957,1253212,219646,114856,22883,21654,60253,1622903,323518,108992,446406,175175,64001,77229,150404,123506,153673,993376,75405,44167,873804,2334897,46971,24914,15209,2247802,10500523,190318,923020,260170,135475,267961,7614168,1109411,5072741,3377946,116158,27091,1522065,5181,24300,1507981,28598,63472,1415911,32705,4557,11565,16583,89316,89316,18279,18279,128347,6879,21328,8307,7884,31479,37738,14732,26210,26210,1124012,544608,99270,8279,471855,490245,2100,97200,-,385423,5522,1422312,45904,27543,324064,33347,17828,4316,55735,839176,74398,-,-,2,2,45615,45615,6190,2806,3385
"2021. 02","수입액 (천달러)",42204145,2107705,2462,2462,397571,210018,164764,1798,20992,106176,29349,8772,59237,8818,376400,182320,5929,84425,103726,311450,63515,7611,3800,178009,1927,672,996,54920,291915,56243,53561,115694,50903,15514,79537,61488,18049,108035,66091,5762,27888,3666,4628,221496,221496,212664,11642,201022,79326,10663,68663,37708,27184,10523,6286,6286,-,83216,77458,5758,76560,41959,34601,125974,118,6068,39122,22922,57744,97892,97892,44085,210,19289,398,58,3076,9287,9173,2594,88995,5976,8695,222,3394,70707,2240910,890713,184958,419195,6042,12198,-,225057,291171,211576,66836,15604,51232,709169,700195,2563,6411,5709701,4219053,1374766,115882,3149603,389347,2742246,18010,-,4721,4721,154834,65209,89625,12115,12115,1138190,203724,295588,126478,167267,226391,118741,655721,419914,114821,101136,19850,204974,67475,7847,129652,589051,238266,350785,204777,23716,121196,59866,73232,73232,438340,54433,12946,32485,99202,237339,1935,369046,25799,339198,4049,720439,15068,67690,2537,53540,577649,3955,23822,14675,8361,786,131201,15070,78477,37655,118486,248,93769,24468,179218,115147,64071,414343,147963,22813,23452,23172,8047,4470,98440,76484,9501,412006,40966,51653,109282,131954,49684,16622,11844,1019187,147038,77794,132836,126578,199519,220048,2702,24282,88391,1154567,233968,386363,81557,354500,20402,6215,23272,48290,606152,51599,45345,21889,42650,57820,16425,43576,326849,606616,6188,6226,156131,90974,312581,34514,2153336,31169,16459,68674,92180,14299,10977,8836,1910743,92385,42935,8533,9372,31545,1199453,181842,97389,305775,105423,83788,74456,207809,98528,44442,1167434,103924,713720,349790,1494290,188886,4801,8636,1291967,5807635,211910,607876,253788,75551,261816,3763099,633594,1345020,854315,44363,28277,332238,51094,34733,283007,18676,55605,208726,75196,1462,13161,60573,257100,257100,264084,264084,803695,154121,150891,52712,53114,303291,31603,57963,324417,324417,1378428,176166,204315,10208,987739,436117,7381,85287,0,260595,82853,1044909,12511,23588,244008,223655,21181,77120,90676,212855,139315,-,-,52,52,221011,221011,1574,1574,-
"2021. 03","수출액 (천달러)",53729070,658962,680,680,8948,323,3091,32,5502,13952,13103,9,831,9,206076,109487,2704,16825,77061,59904,-,431,17,29,75,2278,238,56837,74521,15455,17502,15789,19235,6540,24432,14620,9812,30801,21010,2,4919,3108,1761,23308,23308,216339,847,215491,80710,54306,26403,91119,1978,89142,6,6,-,380,300,80,408307,638,407670,861,26,95,-,89,652,15479,15479,153886,-,1610,41,0,115750,4260,-,32226,26542,879,1197,11506,1437,11524,137886,1762,28792,29404,331,3154,8,14397,21970,38069,49972,4519,45453,8411,41,23,8346,2829030,-,2662827,166203,31015,23043,2164,5756,52,4174,4174,3720,3154,566,3248,3248,2008004,1050832,207655,316138,216961,111482,104938,612664,165748,83156,358989,4771,302396,69034,663,232699,880941,795739,85201,938503,3283,838449,96771,29522,29522,2580359,513255,410817,84630,620035,950062,1560,733290,29711,698616,4963,728053,68541,83398,4158,38272,533684,1,34631,30908,3723,0,403576,41772,302806,58999,5854,15,1969,3871,241689,193916,47772,729394,119486,27605,128467,7966,188573,19196,205321,30298,2480,331026,17771,5855,118798,149408,32346,1412,5436,2342533,98033,51200,674680,580643,452410,178299,4137,79687,223443,1375360,287106,524980,6911,323754,44316,169706,3817,14770,948985,141540,60695,48284,92970,167051,11459,32354,394632,759313,22505,2521,435923,45653,168324,84386,2390663,10483,82555,533058,179927,10330,8702,6688,1558920,292201,140936,32057,29945,89264,1943001,421277,140843,507474,214075,84111,93115,195836,151383,134887,1204025,92121,54192,1057711,2499998,54226,24602,17236,2403934,12032424,230682,1081650,310605,153565,345143,8581305,1329474,6280922,4201314,134545,56293,1849734,7510,31527,2452149,97788,73591,2280770,55688,16262,19463,19963,95180,95180,26258,26258,174277,9348,29307,12431,10664,44657,47892,19978,37855,37855,1272174,536402,128406,14295,593071,590459,4265,104961,-,436364,44869,1843734,75669,127711,395407,39810,20062,12363,41399,1033285,98027,-,-,9,9,43149,43149,5103,930,4173
"2021. 03","수입액 (천달러)",49621236,2790799,7714,7714,516115,276113,212738,1646,25618,115489,31731,12811,62318,8630,486545,225872,8806,123600,128268,443499,99335,25512,637,245084,2449,941,785,68757,466613,82078,65753,237900,61770,19112,109807,92380,17427,126191,83188,6226,25587,4811,6379,246177,246177,272649,11751,260897,98606,15865,82741,33298,19267,14031,17923,11148,6776,104664,97880,6784,106865,58800,48065,155459,0,7638,44428,40261,63132,127251,127251,49688,780,17562,151,153,4299,11056,13012,2675,87715,4023,10116,603,4093,68881,2490576,927846,173269,182127,37352,14056,12,553668,377298,224949,98494,24744,73750,1036475,1023937,2316,10222,6191982,4496839,1583468,111675,2165171,313633,1838854,12684,-,6593,6593,126663,74393,52269,16774,16774,1417163,236818,317669,162523,226994,334872,138286,792745,528561,115522,134621,14042,258027,86236,6000,165791,851231,400960,450271,246470,26569,141890,78012,51693,51693,534843,64234,15452,39977,122651,289631,2899,418553,33060,380284,5210,949850,22734,87126,6485,63730,767022,2753,30056,19415,8801,1840,180091,19395,113535,47161,131154,390,102469,28294,221251,150189,71062,547044,197242,31530,32728,29454,8437,5251,130927,100723,10753,498846,66646,52415,121891,170408,57586,14512,15388,1279239,173052,58038,209085,161338,223434,318186,2187,30965,102954,1470962,271166,454559,108165,481237,36690,14062,32794,72289,817620,133808,57749,28965,58995,75163,17517,44362,401061,812766,9669,31355,218854,227941,280921,44027,2901330,43039,28991,84004,85585,14546,15383,16343,2613440,145554,71976,14034,11584,47960,1473857,198988,132076,412828,142730,79604,97193,232399,128047,49992,1489222,114897,968863,405462,1767199,218713,5504,8847,1534135,6855795,249628,774783,341570,96413,272864,4305951,814588,1941911,1252744,81289,24830,444967,89964,48117,220625,20168,71394,129063,62520,1289,13486,47745,264755,264755,323289,323289,964007,169938,217766,63187,63528,342918,36276,70396,319653,319653,1664865,197323,248819,16041,1202682,515322,10777,105560,-,300548,98438,1160348,30905,29968,279339,270866,25152,30127,103582,233619,156790,0,0,64,64,334600,334600,1714,1714,-
"2021. 04","수출액 (천달러)",51221951,639825,800,800,10422,365,4195,49,5812,15719,14563,16,1116,24,204581,101327,2019,16091,85145,62742,-,11572,14,3,43,2041,193,48876,66713,14944,17459,9261,19776,5275,25675,17008,8666,28161,18978,5,4368,3123,1686,26351,26351,198662,724,197938,85081,57727,27354,87401,1673,85728,104,104,-,345,313,32,429711,388,429323,774,22,56,8,34,654,20954,20954,142726,-,1768,-,0,103433,4800,-,32724,24041,737,1828,11078,1675,8722,281630,1264,45907,135062,89,3202,9,6614,33575,55909,42278,3946,38332,29326,7,0,29319,2996147,-,2851442,144706,29129,19648,0,9450,32,1841,1841,3690,3098,593,3473,3473,1893448,1093151,195487,238844,157266,103552,105147,633459,163103,78894,381733,9729,292134,67524,1127,223483,531849,450547,81303,969841,2702,869326,97813,20887,20887,2551933,524156,409690,68741,602603,945071,1670,693983,30033,659589,4362,735375,101698,76129,2613,24966,529968,0,33256,30198,3057,0,366375,40392,270585,55398,5857,11,1850,3997,236454,192957,43497,756569,119862,27699,140471,9144,223148,18058,188047,27379,2761,308424,10713,3549,111472,148441,30654,1404,2191,2337788,81467,22090,724697,552638,426272,206665,471,79355,244132,1457466,309640,567948,8550,321423,79171,151692,5753,13290,927581,125733,73833,45859,92087,168682,10039,33680,377668,796194,25354,700,479416,48630,159624,82470,2277955,8182,80229,520080,195748,11255,8043,4452,1449966,272637,145897,45843,24862,56035,1755498,345627,114637,483151,194092,81598,87494,169918,132127,146853,1311661,88133,82657,1140871,2691067,52019,17940,14080,2607028,11568545,217773,1001665,307039,137524,347437,8306116,1250992,5893576,3975298,138197,26865,1719513,5177,28525,1325466,124389,77884,1123192,48584,8013,18705,21866,95627,95627,25888,25888,184527,6267,26822,12823,10386,40935,69538,17758,37234,37234,1197282,462853,139262,8541,586626,524830,3510,98787,-,412734,9798,1600928,148883,32092,364299,39196,20994,16945,46345,841538,90636,-,-,6,6,39927,39927,3361,115,3247
"2021. 04","수입액 (천달러)",50788004,2689647,6109,6109,475918,256932,194874,1758,22354,116648,38030,11400,58488,8730,452502,212397,6675,123243,110187,454521,91621,38489,964,252220,2842,601,1117,66667,445023,70414,62813,237138,57833,16825,116656,98759,17897,136162,91069,5727,24468,4744,10154,243491,243491,242617,11129,231488,112220,14865,97355,31886,18899,12987,13613,10577,3035,114570,108738,5832,89246,45536,43709,182833,170,8073,49660,50638,74292,146378,146378,55519,565,24798,527,170,3859,9938,13188,2474,96692,8234,17305,200,4507,66446,2930955,980663,198881,577330,23991,14473,12,552177,385622,197806,85979,21733,64246,864630,852350,1471,10809,7385831,5412885,1841878,131068,1468066,357976,1095675,14415,-,6611,6611,156157,69233,86925,14633,14633,1491500,297126,330592,172461,227929,321491,141900,886424,528717,126624,141333,89750,260678,91588,7452,161639,770457,376579,393878,250918,25514,147984,77420,67153,67153,543655,64244,16569,39939,143131,276794,2978,402251,31771,364616,5864,787471,21393,79175,3987,46672,632534,3710,33087,18308,11429,3350,166684,17845,100803,48036,160644,295,128139,32210,213898,144166,69732,556955,192593,36783,33404,35688,11597,5507,115103,113825,12456,532060,80773,60796,140261,152896,62837,18069,16428,1512890,196443,92104,312285,163687,265930,331032,1536,35995,113880,1590512,342316,473724,120532,489454,32437,11555,51713,68781,779678,74031,50227,32322,63568,71435,17775,59490,410831,727415,11165,7244,187432,143446,334498,43630,3169122,41163,20967,86944,105174,15791,14223,16852,2868007,124438,66221,16405,12970,28843,1513102,215872,133521,414549,178436,90258,90968,232488,114796,42215,1277699,111127,798904,367669,1923778,220211,7774,12061,1683732,6833867,269110,734679,335991,84353,313546,4305514,790675,1942874,1286296,68017,35012,392693,114520,46336,604814,24598,472037,108178,85025,1681,17628,65716,302961,302961,307511,307511,885975,134365,221245,56246,65854,295221,37970,75075,315201,315201,1367777,157601,249981,14888,945306,449085,14655,95586,-,254532,84311,1181458,19607,28937,289182,280683,23351,45204,94116,241118,159261,-,-,72,72,320022,320022,3429,3429,-
